OBJECTID,TRACT,BLKGRP,GEOID,P0010001,P0010002,P0010003,P0010004,P0010005,P0010006,P0010007,P0010008,OP000001,OP000002,OP000003,OP000004,P0020002,P0020005,P0020006,P0020007,P0020008,P0020009,P0020010,OP00005,OP00006,OP00007,OP00008,P0030001,P0030003,P0030004,P0030005,P0030006,P0030007,P0030008,OP00009,OP00010,OP00011,OP00012,P0040002,P0040005,P0040006,P0040007,P0040008,P0040009,P0040010,OP000013,OP000014,OP000015,OP000016,H0010001,H0010002,H0010003,SHAPE_Length,SHAPE_Area
1,000100,4,110010001004,1000,985,893,34,2,45,0,11,6,4,6,0,59,845,31,1,45,0,7,5,3,6,0,891,798,31,2,41,0,6,4,4,4,0,55,752,29,1,41,0,3,3,3,4,0,634,533,101,6569.7469911627,1162391.60734281
2,000201,1,110010002011,3916,3736,2940,259,7,482,5,43,47,20,117,6,275,2740,249,4,480,5,7,40,16,115,6,3902,2931,259,7,478,5,43,47,20,116,6,272,2734,249,4,476,5,7,40,16,114,6,2,2,0,3249.76543814314,539551.85681847
3,000202,1,110010002021,1196,1177,1081,25,2,56,1,12,3,2,12,3,66,1030,24,0,54,1,5,3,1,10,3,1040,938,24,1,53,1,10,2,1,8,3,57,893,23,0,51,1,4,2,1,6,3,604,547,57,2684.90063586249,192012.122726043
4,000202,2,110010002022,813,792,749,3,1,35,0,4,6,2,11,0,35,724,3,1,35,0,0,4,2,8,0,712,658,3,1,33,0,3,3,2,7,0,29,635,3,1,33,0,0,2,2,6,0,395,366,29,1505.97272283307,135540.743641781
5,000202,3,110010002023,1053,1032,954,15,1,57,0,5,5,4,10,1,74,888,14,1,56,0,1,5,4,9,1,998,903,14,1,56,0,4,5,4,9,1,70,841,13,1,55,0,0,5,4,8,1,505,455,50,1615.53972504436,154466.042145833
6,000600,1,110010006001,1127,1098,983,34,3,56,1,21,7,6,11,4,95,921,31,2,56,1,1,3,6,11,2,995,873,29,3,47,1,21,3,6,7,4,80,824,26,2,47,1,1,1,6,7,2,694,657,37,2116.49522613095,214878.380995718
7,000600,2,110010006002,1107,1068,969,33,3,49,0,14,19,7,12,4,89,906,29,1,47,0,2,18,7,12,1,924,818,30,3,41,0,14,5,4,6,3,78,764,26,1,40,0,2,5,4,6,0,540,510,30,2864.46824360427,458475.032593092
8,000600,3,110010006003,592,571,493,28,1,30,0,19,7,5,11,1,44,463,28,1,30,0,7,6,5,11,1,484,410,22,1,26,0,11,4,4,7,1,36,387,22,1,26,0,0,3,4,7,1,300,275,25,1737.5256902842,174419.458715705
9,000600,4,110010006004,1713,1658,1433,130,3,72,1,19,18,5,31,0,104,1357,129,2,71,1,3,14,6,27,0,1409,1172,126,2,63,1,13,11,5,17,0,78,1112,125,2,63,1,1,9,4,16,0,700,666,34,3972.61375041506,594984.3344532
10,000701,1,110010007011,1577,1514,1207,110,14,125,0,58,19,5,32,12,215,1081,95,5,124,0,10,17,4,29,8,1427,1120,98,11,112,0,42,12,4,26,6,177,1005,88,4,111,0,5,10,3,24,6,1034,960,74,1967.31897133662,174629.94508351
11,000701,2,110010007012,658,647,525,44,0,53,0,25,4,0,6,0,71,481,39,0,53,0,8,3,0,5,0,631,512,38,0,49,0,22,3,0,5,0,68,469,34,0,49,0,6,2,0,4,0,555,514,41,1172.00351969512,80155.2812472355
12,000701,3,110010007013,1252,1239,1159,31,3,36,0,10,2,2,7,0,53,1117,31,2,35,0,2,2,2,6,0,1203,1121,30,3,33,0,6,2,2,4,0,43,1086,30,2,32,0,1,2,2,3,0,1017,888,129,1495.86147625466,131516.946144933
13,000701,4,110010007014,1133,1102,957,50,1,74,4,16,12,6,15,1,68,904,50,1,73,4,7,8,4,15,1,994,833,46,1,72,3,14,10,6,11,1,66,782,46,1,71,3,5,6,4,11,1,669,612,57,1793.73414530875,163510.115172875
14,000702,1,110010007021,1255,1219,1088,48,2,52,0,29,7,5,19,2,133,993,42,1,52,0,7,6,3,18,1,1190,1044,46,2,47,0,20,6,4,17,1,112,962,41,1,47,0,4,5,3,16,0,891,836,55,1773.73773821529,142743.987686371
15,000702,2,110010007022,1063,1026,764,98,4,127,0,33,13,6,17,1,137,678,93,2,121,0,3,9,2,17,1,1026,742,91,4,122,0,32,12,5,16,1,130,661,86,2,116,0,3,9,2,16,1,900,824,76,1336.41873366102,73169.8198735057
16,000702,3,110010007023,1046,1014,899,46,1,45,1,22,11,7,18,0,87,840,45,0,44,1,6,10,4,14,0,989,856,46,1,42,1,17,8,6,15,0,76,803,45,0,41,1,4,8,3,12,0,680,633,47,1474.49719572166,76972.7209868379
17,000202,4,110010002024,2363,2293,1921,116,1,227,2,26,19,8,43,3,168,1796,109,1,225,2,6,15,7,41,2,2311,1885,114,1,218,2,26,16,8,41,3,164,1763,107,1,216,2,6,13,7,39,2,639,565,74,4464.83785933222,752432.013921314
18,000300,1,110010003001,1384,1349,1222,24,4,91,0,8,11,5,26,2,60,1169,24,4,91,0,3,10,4,26,2,1251,1107,24,4,88,0,6,6,5,13,2,53,1061,24,4,88,0,1,5,4,13,2,641,609,32,2608.20327529613,250076.657041338
19,000300,2,110010003002,1487,1440,1246,55,4,101,0,34,21,7,21,1,120,1170,52,4,98,0,3,19,8,18,1,1395,1180,49,3,89,0,34,18,8,17,1,108,1114,48,3,86,0,3,16,6,17,1,945,886,59,1390.55502387192,118997.611931353
20,000300,3,110010003003,1788,1748,1586,41,1,98,1,21,11,5,25,1,155,1455,40,1,97,1,3,10,3,24,1,1556,1381,33,1,91,1,20,8,5,17,1,127,1277,32,1,90,1,3,7,3,16,1,721,673,48,3434.30484509305,489425.644928299
21,000300,4,110010003004,1574,1539,1443,19,2,62,0,13,5,3,21,5,69,1392,19,1,62,0,1,5,3,21,5,1340,1232,17,1,55,0,11,4,3,13,3,56,1192,17,0,55,0,1,4,3,13,3,605,586,19,1670.67879264612,163748.957453006
22,000400,1,110010004001,654,650,594,23,1,25,0,7,0,0,4,1,45,551,23,0,25,0,6,0,0,4,1,530,477,18,1,25,0,6,0,0,3,1,35,444,18,0,25,0,5,0,0,3,1,257,241,16,3060.83670533373,536756.891272203
23,000400,2,110010004002,801,778,653,27,1,78,0,19,9,2,11,0,78,598,23,1,78,0,6,6,2,11,0,688,555,25,1,75,0,17,7,1,7,0,69,505,21,1,75,0,5,5,1,7,0,433,395,38,4913.63776814628,994504.080738916
24,000501,1,110010005011,1735,1686,1459,85,7,111,1,23,14,9,33,0,118,1371,83,3,110,1,3,12,7,33,0,1631,1393,76,5,99,1,19,11,9,25,0,104,1314,74,3,98,1,2,9,7,25,0,987,932,55,4404.73743403368,628434.15877816
25,000501,2,110010005012,1641,1581,1394,39,0,138,0,10,18,9,31,3,113,1318,39,0,136,0,1,6,2,27,3,1564,1336,38,0,133,0,9,14,8,22,3,97,1271,38,0,131,0,0,4,2,20,3,1199,1095,104,3441.69667440205,316038.453482226
26,000502,1,110010005021,1850,1807,1585,47,14,108,0,53,11,9,26,0,195,1464,44,4,107,0,5,7,5,23,0,1550,1336,39,8,95,0,44,7,8,15,0,149,1243,37,3,94,0,3,6,5,14,0,897,844,53,3728.6777042348,405398.788393196
27,000502,2,110010005022,1339,1288,1135,48,1,84,0,20,15,8,30,1,76,1086,45,1,84,0,4,14,8,29,1,1236,1064,46,1,71,0,16,10,5,22,1,74,1015,43,1,71,0,1,9,5,22,1,877,799,78,2252.38195749696,176046.284203973
28,000100,1,110010001001,1343,1323,1222,21,3,54,1,22,2,3,10,1,109,1137,21,3,54,1,3,2,3,9,1,1168,1063,17,3,50,1,16,1,3,9,1,86,995,17,3,50,1,3,1,3,8,1,793,714,79,4339.47426906757,814788.94245263
29,000100,2,110010001002,1384,1350,1250,34,4,54,1,7,9,4,20,0,65,1197,33,4,52,1,3,9,3,18,0,1276,1155,31,3,53,1,7,6,4,15,0,59,1107,30,3,51,1,3,6,3,13,0,999,901,98,2168.6186606623,199324.511149621
30,000100,3,110010001003,1163,1150,1079,16,0,48,0,7,0,1,11,1,63,1023,16,0,47,0,2,0,1,10,1,970,908,14,0,40,0,4,0,1,2,1,57,857,14,0,39,0,0,0,1,1,1,573,538,35,1874.89574045609,194329.65702893
31,001200,1,110010012001,1821,1760,1438,122,4,158,0,38,31,10,19,0,143,1352,114,3,155,0,9,24,10,18,0,1647,1302,116,3,144,0,30,25,10,19,0,131,1219,108,3,141,0,5,19,10,18,0,1145,1088,57,2272.47143284184,192679.891315971
32,001200,2,110010012002,1018,1000,832,77,4,72,1,14,10,5,9,0,68,779,77,3,72,1,0,10,5,9,0,894,733,66,3,63,1,13,10,5,7,0,63,684,66,2,63,1,0,10,5,7,0,558,526,32,2264.43098838648,179144.976878293
33,001200,3,110010012003,772,747,623,25,3,77,2,17,9,6,12,2,60,583,25,1,77,2,2,8,5,11,2,630,504,20,2,73,2,15,6,4,5,1,54,468,20,0,73,2,1,6,4,4,1,316,309,7,2544.96871344712,197150.043622046
34,001200,4,110010012004,1397,1343,1180,48,7,81,0,27,7,2,36,3,128,1091,47,2,81,0,3,4,2,35,2,1167,992,37,7,75,0,21,6,2,20,3,102,922,36,2,75,0,2,3,2,19,2,614,593,21,3855.04296811246,649118.966693852
35,001301,1,110010013011,1578,1535,1249,107,0,159,0,20,12,4,30,0,103,1170,105,0,158,0,3,9,5,28,0,1371,1112,82,0,129,0,16,9,6,22,0,87,1042,80,0,129,0,3,8,5,22,0,766,720,46,8689.75630975826,2092333.07074506
36,001301,2,110010013012,678,650,518,85,2,33,0,12,6,1,21,1,54,476,82,1,33,0,5,6,1,20,1,535,426,63,2,28,0,5,4,1,6,1,44,390,61,1,28,0,0,4,1,6,1,275,265,10,3335.34373923887,544436.516703126
37,001301,3,110010013013,1699,1658,1280,182,5,165,0,26,23,8,16,0,133,1174,180,4,165,0,7,20,6,16,0,1571,1198,172,5,144,0,22,16,8,11,0,121,1102,170,4,144,0,5,13,6,11,0,1115,1045,70,2235.46642822373,216715.275026098
38,001302,1,110010013021,2296,2233,1786,188,4,230,1,24,22,11,37,3,175,1642,186,2,227,1,4,21,10,34,3,2203,1724,174,4,217,1,24,21,11,34,3,167,1588,172,2,214,1,4,20,9,32,3,1695,1557,138,3260.10759702502,406534.488207195
39,001902,1,110010019021,1252,1206,123,1003,2,9,0,69,41,14,7,0,124,81,998,0,9,0,4,32,13,7,0,1020,105,828,2,9,0,44,28,11,3,0,85,78,823,0,9,0,2,20,10,3,0,536,502,34,2750.47202620757,426996.026473529
40,001902,2,110010019022,717,685,114,534,0,15,0,22,27,15,3,0,55,96,527,0,15,0,1,20,10,3,0,605,96,456,0,15,0,17,17,12,1,0,41,83,452,0,15,0,1,11,8,1,0,325,305,20,3046.87460877923,461165.842254078
41,002001,1,110010020011,1297,1247,203,681,8,31,0,324,35,14,5,2,488,91,657,4,28,0,5,21,10,2,1,1031,156,573,7,23,0,236,28,14,2,2,362,75,552,3,21,0,0,17,10,0,1,610,543,67,1797.95616861863,135397.558726413
42,002001,2,110010020012,1043,997,395,491,2,30,4,75,34,12,11,0,141,350,481,2,30,4,5,22,10,9,0,866,347,407,0,25,4,52,24,8,3,0,108,309,399,0,25,4,1,17,8,2,0,416,372,44,3705.04165706065,497455.871614763
43,002002,1,110010020021,992,939,236,600,4,22,2,75,33,5,11,11,128,213,584,4,22,2,8,25,4,11,3,811,196,506,4,18,2,54,20,5,4,9,92,176,494,4,18,2,5,19,4,4,3,358,335,23,3585.34334767204,343485.924573163
44,002002,2,110010020022,1407,1316,241,785,8,13,7,262,36,18,3,41,445,130,771,4,13,0,17,20,15,2,5,1084,181,648,6,13,7,169,26,16,3,27,292,110,638,4,13,0,5,17,13,2,5,605,549,56,1830.74622061847,141528.27296323
45,002002,3,110010020023,1414,1356,301,912,2,19,0,122,37,8,16,3,221,234,892,1,18,0,11,30,6,16,3,1099,247,715,2,17,0,80,23,5,7,3,157,201,697,1,16,0,5,19,3,7,3,473,450,23,2445.17366104596,364157.305955816
46,002101,1,110010021011,1500,1429,126,1042,6,30,9,216,38,18,5,1,366,49,1022,5,30,1,1,25,13,4,0,1156,104,827,2,21,6,152,25,9,2,1,257,45,813,1,21,1,1,17,7,1,0,602,556,46,2021.53829149037,182829.691897189
47,002101,2,110010021012,977,920,178,490,2,31,0,219,23,11,4,1,380,76,474,2,29,0,1,13,8,4,1,769,141,410,2,24,0,151,11,8,3,1,265,69,401,2,22,0,0,8,5,3,1,464,419,45,1195.42637125343,85476.1536830847
48,002101,3,110010021013,1236,1165,176,826,6,2,0,155,47,13,5,1,319,78,808,2,2,0,3,21,12,3,0,979,139,682,4,2,0,97,34,11,4,1,215,71,670,0,2,0,0,18,10,3,0,466,440,26,1451.11169568588,131643.938386198
49,002101,4,110010021014,785,773,102,460,12,4,0,195,8,1,6,1,301,24,447,4,4,0,1,4,0,1,1,622,79,378,10,4,0,142,8,1,4,1,217,23,369,4,4,0,1,4,0,1,1,297,272,25,1381.94870325189,118794.8369004
50,002101,5,110010021015,811,788,93,483,8,32,0,172,12,4,6,2,285,33,452,0,30,0,0,9,3,5,2,629,73,388,6,26,0,116,10,4,4,2,198,31,366,0,25,0,0,7,3,4,2,354,296,58,1168.36725768724,82319.6179462189
51,001302,2,110010013022,3649,3559,3084,137,9,289,1,39,11,10,67,6,233,2900,132,5,285,1,13,9,9,64,6,3528,2985,133,9,279,1,39,10,11,59,6,225,2809,128,5,275,1,13,8,9,57,6,3134,2736,398,4010.37400675896,679884.914822422
52,001302,3,110010013023,912,880,726,54,0,76,0,24,7,7,18,0,75,677,53,0,75,0,4,6,6,17,0,858,686,52,0,73,0,21,7,6,13,0,67,641,51,0,72,0,4,6,5,13,0,546,502,44,4778.22813945651,505688.223438305
53,001401,1,110010014011,1936,1866,1515,151,3,159,0,38,30,13,34,4,166,1392,149,1,159,0,7,29,13,28,4,1583,1227,140,3,142,0,31,16,12,17,4,135,1126,138,1,142,0,5,15,12,14,4,1053,999,54,3031.9826086007,357388.018928621
54,001401,2,110010014012,1142,1109,1026,27,2,39,0,15,7,2,21,0,44,1002,27,0,39,0,5,7,1,16,0,836,765,22,1,31,0,9,1,2,5,0,25,747,22,0,31,0,4,1,1,5,0,425,416,9,2716.60305060046,430862.782222374
55,001402,1,110010014021,928,904,792,83,0,23,0,6,12,4,10,0,40,762,80,0,22,0,3,11,2,9,0,684,587,59,0,18,0,6,9,3,4,0,33,560,59,0,17,0,3,8,2,3,0,357,350,7,2421.86547020173,337343.939571637
56,001402,2,110010014022,797,774,683,64,0,18,0,9,14,4,8,0,41,655,64,0,18,0,0,14,2,8,0,651,558,58,0,15,0,8,8,3,3,0,31,538,58,0,15,0,0,8,2,3,0,494,416,78,3124.58936897139,359656.862032076
57,001402,3,110010014023,1273,1243,859,209,5,119,0,51,14,5,16,1,151,765,206,4,119,0,4,11,4,14,1,1111,736,199,5,108,0,40,8,5,13,1,125,656,197,4,108,0,2,7,4,12,1,761,706,55,2145.90311233476,198120.468359388
58,001500,1,110010015001,1441,1386,963,340,2,47,1,33,25,9,21,0,109,892,334,2,47,1,8,24,3,21,0,1088,721,276,2,41,1,22,14,7,5,0,75,669,272,2,41,1,7,14,3,5,0,557,543,14,11088.9102750744,3124366.0217056
59,001500,2,110010015002,872,844,786,41,0,14,0,3,7,6,18,2,43,746,41,0,13,0,3,7,6,17,2,608,549,32,0,12,0,2,2,3,8,2,32,520,32,0,11,0,2,2,3,7,2,323,316,7,2500.95397321706,316895.191577864
60,001500,3,110010015003,994,963,891,44,3,14,0,11,12,7,18,2,47,857,44,2,14,0,3,12,7,14,2,802,729,43,3,13,0,5,5,3,3,1,28,706,43,2,13,0,2,5,3,2,1,271,267,4,2404.42383547601,284979.142886456
61,001500,4,110010015004,1541,1507,1273,183,2,44,1,4,9,1,18,4,72,1212,183,2,44,1,3,8,1,15,4,1149,946,147,2,34,1,3,3,1,11,2,49,904,147,2,34,1,2,2,1,8,2,607,591,16,3244.37025989469,652022.527594532
62,001500,5,110010015005,1063,1029,964,35,0,26,0,4,14,11,22,0,33,935,35,0,26,0,4,11,10,19,0,724,664,23,0,19,0,2,9,7,9,0,21,645,23,0,19,0,2,8,6,8,0,368,364,4,2362.35289902535,320343.625215781
63,001600,1,110010016001,1048,1003,237,736,2,18,0,10,33,13,15,0,47,211,727,2,18,0,6,30,13,15,0,848,173,630,1,15,0,5,14,11,6,0,28,156,627,1,15,0,2,14,11,6,0,436,422,14,3185.97144736114,479413.344527351
64,001600,2,110010016002,671,616,192,377,0,7,1,39,38,14,21,0,68,179,370,0,7,0,7,32,8,13,0,519,149,309,0,7,1,26,18,9,10,0,46,142,302,0,7,0,3,16,7,7,0,289,272,17,2208.26462347455,193396.486331449
65,001600,3,110010016003,819,804,195,581,1,16,0,11,11,6,3,0,25,192,571,0,16,0,0,11,6,3,0,670,165,476,1,15,0,6,5,4,1,0,20,162,466,0,15,0,0,5,4,1,0,335,322,13,2812.04633793505,354859.587425797
66,001600,4,110010016004,1419,1376,373,976,5,14,0,8,32,18,6,0,60,348,953,2,14,0,2,31,18,6,0,1202,314,840,4,11,0,5,22,17,2,0,42,296,824,2,11,0,1,22,17,2,0,625,604,21,7604.10641083891,1671608.44026918
67,001702,1,110010017021,1352,1293,605,596,5,55,0,32,47,17,15,1,99,554,583,4,55,0,3,44,17,15,1,1159,528,518,4,46,0,26,28,13,8,1,71,495,509,3,46,0,3,25,13,8,1,708,651,57,2960.35617137545,420660.579913675
68,001702,2,110010017022,1292,1226,415,746,1,24,1,39,47,17,14,1,113,364,742,1,23,1,5,33,16,10,0,1114,360,657,1,24,1,29,29,13,10,0,84,320,653,1,23,1,3,20,12,9,0,604,579,25,3880.77378258331,509371.670370061
69,001803,1,110010018031,1096,1067,156,823,3,8,7,70,17,9,5,0,150,107,804,2,7,7,2,16,9,5,0,920,124,704,3,8,4,52,15,9,5,0,110,90,691,2,7,4,1,14,9,5,0,530,506,24,4603.18611488633,1022507.45156333
70,001803,2,110010018032,2418,2334,198,1549,4,65,1,517,45,19,9,5,688,83,1536,2,65,1,12,28,18,2,5,1906,153,1284,2,52,1,355,35,16,6,3,471,72,1275,2,52,1,9,22,15,1,3,1082,1037,45,1647.71279923281,147740.211432821
71,001804,1,110010018041,1116,1075,154,786,3,10,0,122,22,12,6,6,261,46,779,1,10,0,0,18,4,5,3,892,118,640,2,9,0,93,18,7,5,6,196,36,636,1,9,0,0,14,4,4,3,505,483,22,1848.32106053531,194158.464539918
72,001804,2,110010018042,1262,1208,135,844,5,32,0,192,27,11,6,1,321,42,823,1,32,0,11,25,11,6,1,972,97,679,5,25,0,128,21,10,1,1,218,41,663,1,25,0,4,19,10,1,1,500,482,18,2825.76180569642,228582.971002589
73,001804,3,110010018043,2102,2027,260,1353,12,9,0,393,25,22,6,4,629,97,1331,6,9,0,11,13,7,6,4,1597,186,1089,8,8,0,250,22,19,4,3,421,76,1069,5,8,0,2,11,7,4,3,919,847,72,1792.38783020073,178977.233545745
74,001901,1,110010019011,931,901,50,747,5,10,2,87,21,14,7,0,126,32,740,2,8,2,0,19,11,4,0,741,41,608,4,9,2,53,15,12,6,0,83,27,602,2,8,2,0,15,9,3,0,406,374,32,2077.99533754211,234865.772823383
75,001901,2,110010019012,936,904,86,773,2,2,0,41,29,16,6,2,92,49,766,2,2,0,0,24,13,6,2,773,69,644,2,2,0,29,25,15,5,2,61,45,641,2,2,0,0,21,12,5,2,390,373,17,1870.33579799457,171250.162423722
76,001901,3,110010019013,1308,1270,140,903,14,14,0,199,26,13,1,1,323,84,866,4,9,0,0,22,9,1,1,1005,107,727,13,11,0,131,10,6,1,1,213,70,700,3,9,0,0,10,3,1,1,473,437,36,1855.55552084356,173116.716475513
77,001901,4,110010019014,841,812,148,600,10,10,1,43,23,13,5,0,84,120,593,4,10,1,3,22,13,5,0,671,125,481,8,8,1,28,14,10,5,0,64,100,475,4,8,1,2,13,10,5,0,334,319,15,1883.82415381201,189836.829941757
78,000801,1,110010008011,2590,2517,2139,157,3,163,0,55,28,9,46,3,304,1900,151,2,161,0,10,22,7,42,3,2374,1987,142,3,141,0,48,22,9,31,3,267,1774,138,2,139,0,7,19,7,31,3,1778,1602,176,1869.93385572986,201569.239331375
79,000801,2,110010008012,991,955,841,44,2,57,0,11,11,0,21,1,72,787,44,1,57,0,5,10,0,14,1,755,644,33,2,50,0,9,3,0,12,1,51,602,33,1,50,0,4,3,0,11,1,380,360,20,4415.59037945539,879145.584697757
80,000801,3,110010008013,2097,2047,1879,46,0,94,1,27,15,2,33,1,123,1787,43,0,94,1,7,13,0,29,1,1674,1507,42,0,79,0,18,8,2,16,1,99,1431,39,0,79,0,5,6,0,13,1,1043,933,110,5810.93827546607,1242548.02635053
81,000801,4,110010008014,1031,1007,860,69,0,60,0,18,4,2,18,0,73,810,61,0,60,0,5,3,8,12,0,888,742,61,0,55,0,11,3,8,14,0,59,699,56,0,55,0,2,2,8,14,0,327,312,15,4332.13985049809,752732.987185419
82,000802,1,110010008021,1766,1712,1425,99,3,157,1,27,19,4,30,1,153,1309,90,3,157,1,7,17,2,30,1,1530,1244,83,3,136,1,25,15,4,17,1,124,1150,80,3,136,1,5,13,2,17,1,994,929,65,5607.89075289075,1596334.00063864
83,000802,2,110010008022,1103,1063,965,8,1,75,1,13,4,4,32,2,78,902,8,0,75,1,3,2,4,31,2,908,799,6,1,71,1,9,2,4,15,2,63,748,6,0,71,1,1,1,4,14,2,429,407,22,4206.36236381636,682225.520796809
84,000901,1,110010009011,1480,1436,1307,65,2,56,0,6,12,0,30,3,63,1257,60,1,56,0,2,11,0,28,3,1083,955,50,2,48,0,3,5,0,19,3,52,912,47,1,48,0,0,5,0,18,3,553,533,20,3380.95948008013,646041.276646273
85,000901,2,110010009012,1583,1561,1448,45,0,48,0,20,12,6,8,0,102,1365,44,0,48,0,4,12,6,7,0,1213,1108,34,0,43,0,13,8,5,5,0,78,1044,33,0,43,0,1,8,5,5,0,654,620,34,5202.94601697639,1444524.63972507
86,000901,3,110010009013,4112,3949,3380,150,14,347,3,55,31,17,114,10,271,3185,145,11,343,3,16,29,16,103,7,3834,3141,149,14,341,3,48,27,17,93,10,252,2963,144,11,337,3,11,25,14,83,7,454,405,49,4877.62335509604,937956.264249726
87,000902,1,110010009021,749,730,670,33,0,26,0,1,6,7,11,1,53,624,31,0,26,0,1,5,6,8,1,570,516,22,0,20,0,1,3,3,6,1,34,484,22,0,20,0,1,3,3,5,1,317,307,10,3342.76182938385,444078.320011714
88,000902,2,110010009022,1343,1291,1191,34,4,51,1,10,22,5,29,1,54,1152,32,3,51,1,4,17,3,29,1,974,872,28,1,47,1,6,6,5,10,1,37,843,26,1,47,1,3,4,3,10,1,545,526,19,6794.29619980213,1736375.84568472
89,001001,1,110010010011,671,645,596,22,1,20,0,6,7,5,14,2,70,535,22,0,19,0,2,5,4,12,2,528,469,20,1,19,0,5,4,4,6,2,54,424,20,0,18,0,1,2,2,5,2,284,273,11,2222.12443513187,277604.198807841
90,001001,2,110010010012,1976,1909,1657,100,8,119,0,25,19,9,48,3,122,1570,99,3,116,0,7,14,5,47,2,1632,1387,86,6,95,0,21,13,7,22,2,104,1310,85,3,94,0,4,11,5,21,2,963,905,58,2854.46476293861,495574.804008411
91,001001,3,110010010013,1030,990,926,18,0,32,0,14,7,1,31,1,62,879,18,0,32,0,3,6,1,29,1,779,707,15,0,26,0,10,4,1,16,1,43,675,15,0,26,0,1,3,1,15,1,396,386,10,2605.02322757921,334698.522993233
92,001001,4,110010010014,1852,1776,1499,91,2,166,2,16,23,13,42,3,137,1386,89,2,165,2,2,19,13,40,3,1537,1243,80,2,154,2,16,14,8,18,3,107,1155,80,2,153,2,2,11,8,18,3,469,464,5,3893.3237320374,698621.786015989
93,001001,5,110010010015,798,763,652,38,3,62,0,8,9,5,22,0,37,617,38,2,62,0,7,9,5,22,0,608,520,28,2,45,0,5,3,3,3,0,26,495,28,2,45,0,4,3,3,3,0,300,293,7,2388.62292993632,295459.432707457
94,001001,6,110010010016,1109,1085,1012,29,3,33,0,8,9,0,15,0,84,938,29,2,33,0,1,8,0,14,0,834,771,20,3,26,0,8,0,0,6,0,53,727,20,2,26,0,1,0,0,5,0,422,406,16,2633.51349260107,352062.225610236
95,001002,1,110010010021,1255,1221,969,74,2,165,0,11,10,10,14,2,99,889,69,1,165,0,2,8,9,13,2,1229,954,68,2,160,0,11,10,11,14,2,93,879,64,1,160,0,2,8,9,14,2,911,774,137,2697.96556919243,325289.368660229
96,001002,2,110010010022,1444,1392,1184,80,1,107,0,20,14,4,32,1,123,1083,78,1,107,0,5,13,4,31,0,1328,1101,73,1,101,0,17,7,3,22,1,106,1014,71,1,101,0,5,6,3,21,0,1009,900,109,2002.02211009416,222060.419871968
97,001002,3,110010010023,743,716,635,31,4,39,0,7,11,10,13,3,49,592,31,3,39,0,2,11,11,12,3,669,582,24,4,36,0,5,7,8,8,3,42,545,24,3,36,0,1,7,8,8,3,422,415,7,3578.02995341271,342287.06775855
98,001100,1,110010011001,1827,1791,1564,97,2,112,4,12,8,2,26,1,121,1466,97,0,110,2,5,6,0,22,0,1526,1302,89,2,100,4,9,5,0,15,1,92,1227,89,0,98,2,3,5,0,12,0,939,897,42,2960.90754951935,423633.391775992
99,001100,2,110010011002,1634,1575,1304,143,5,94,1,28,22,10,37,0,102,1236,143,2,92,0,13,16,5,35,0,1346,1083,129,5,83,1,16,11,6,17,0,78,1029,129,2,81,0,5,9,4,15,0,679,640,39,3466.96995954339,470321.575370939
100,001100,3,110010011003,596,588,534,21,0,26,1,6,3,2,4,0,39,502,21,0,25,1,2,3,1,2,0,513,459,19,0,24,1,5,0,2,4,0,36,430,19,0,23,1,1,0,0,2,0,310,285,25,1882.90112782439,159797.595486077
101,001100,4,110010011004,722,687,610,29,2,41,0,5,8,4,21,0,44,569,29,2,41,0,5,7,3,21,0,595,511,23,2,36,0,4,4,3,9,0,36,476,23,2,36,0,4,4,3,9,0,306,296,10,4115.46780434656,622673.817761919
102,004001,1,110010040011,1548,1475,1303,61,2,71,1,37,19,13,39,5,172,1180,57,2,71,1,2,18,19,33,5,1439,1220,58,2,69,1,34,14,12,26,5,152,1110,57,2,69,1,2,13,12,26,5,944,891,53,1426.18334360566,88548.1378765451
103,004001,2,110010040012,646,631,573,26,0,23,0,9,4,4,8,0,37,549,26,0,23,0,1,3,2,5,0,622,555,26,0,23,0,6,4,4,5,0,30,534,26,0,23,0,0,3,2,4,0,466,434,32,1031.02729135108,43864.0019147658
104,004001,3,110010040013,1551,1517,1361,52,3,68,7,26,10,9,13,0,136,1270,50,3,68,2,0,7,5,12,0,1425,1259,47,3,65,5,17,8,9,11,0,107,1181,47,3,65,2,0,7,5,10,0,1079,980,99,1535.24641164927,143431.908624355
105,004002,1,110010040021,680,656,545,51,1,27,1,31,6,3,12,3,102,495,35,1,27,1,1,5,4,11,3,642,519,48,1,27,1,28,3,4,11,3,91,471,35,1,27,1,1,2,4,11,3,452,430,22,947.748627059064,42390.5474177511
106,004002,2,110010040022,1544,1502,1241,141,2,95,0,23,16,8,27,1,97,1175,140,1,93,0,1,13,6,25,1,1480,1199,131,2,87,0,21,16,8,25,0,95,1133,130,1,85,0,1,13,6,23,0,1000,935,65,1182.86717640466,83764.3155896805
107,004002,3,110010040023,573,562,446,34,1,59,0,22,5,3,5,0,51,418,34,0,59,0,1,4,2,5,0,532,417,30,0,56,0,18,5,3,5,0,41,394,30,0,56,0,1,4,2,5,0,464,397,67,1210.03693123181,69921.3258470689
108,004100,1,110010041001,1229,1201,1027,66,0,77,0,31,15,5,13,0,131,933,60,0,77,0,5,13,5,11,0,1154,972,58,0,72,0,29,14,5,9,0,118,886,53,0,72,0,5,13,5,8,0,882,748,134,1321.61276152272,100847.012407519
109,004100,2,110010041002,671,657,573,24,6,44,2,8,2,4,5,0,49,541,23,1,43,2,1,2,1,5,0,602,521,21,6,42,2,6,0,2,1,0,42,492,20,1,41,2,1,0,1,1,0,406,366,40,2784.56760782964,303730.267436791
110,002102,1,110010021021,892,862,45,732,3,10,0,72,27,10,1,1,96,39,722,0,10,0,2,23,10,1,1,713,44,586,1,10,0,51,19,9,0,1,65,39,580,0,10,0,2,17,9,0,1,402,346,56,2380.50802134081,166959.820044896
111,002102,2,110010021022,811,788,65,641,2,8,0,72,21,10,1,1,114,50,613,2,8,0,4,18,10,1,1,652,59,521,1,4,0,50,15,7,1,1,81,46,503,1,4,0,2,13,7,1,1,456,379,77,1716.841854838,134019.575147519
112,002102,3,110010021023,718,692,41,574,4,5,0,68,24,9,6,0,98,31,567,4,5,0,0,12,5,1,0,537,34,443,2,5,0,38,13,6,5,0,57,29,438,2,5,0,0,5,3,1,0,328,283,45,1478.00523297703,98064.3440049725
113,002102,4,110010021024,760,739,57,619,1,3,0,59,19,10,1,1,96,34,614,1,3,0,1,10,6,1,1,596,45,496,0,3,0,34,16,10,1,1,59,30,494,0,3,0,0,9,6,1,1,324,291,33,1660.46331748946,127252.934886331
114,002102,5,110010021025,609,601,87,421,5,0,0,88,7,1,4,0,120,63,412,5,0,0,6,2,1,2,0,486,75,351,3,0,0,51,5,1,3,0,79,56,345,3,0,0,0,2,1,2,0,278,259,19,1151.33266665987,81273.5883741609
115,002102,6,110010021026,858,841,103,596,0,1,0,141,12,7,2,0,200,61,584,0,1,0,0,11,5,2,0,668,77,484,0,1,0,98,5,2,2,0,135,52,474,0,1,0,0,5,2,2,0,385,342,43,1401.54073431752,118293.567473443
116,002201,1,110010022011,1265,1236,171,879,1,5,0,180,21,7,2,1,300,91,857,0,5,0,3,8,5,1,0,1011,139,719,1,5,0,128,12,7,2,1,211,80,705,0,5,0,2,7,5,1,0,443,413,30,1522.3657243675,144506.657277864
117,002201,2,110010022012,1347,1305,197,859,10,27,0,212,23,9,5,0,364,95,835,3,27,0,4,15,9,4,0,1092,164,729,7,25,0,141,14,6,3,0,257,82,710,3,25,0,1,12,6,2,0,428,400,28,1912.47644181284,174331.496543463
118,002201,3,110010022013,830,813,64,593,1,23,0,132,15,6,3,2,159,41,589,1,23,0,3,13,6,3,2,621,51,455,1,17,0,83,12,5,1,2,101,36,454,1,17,0,1,10,5,1,2,315,297,18,1243.45943697956,96290.4681411318
119,002202,1,110010022021,1396,1345,167,895,19,14,1,249,40,17,6,0,343,103,888,8,14,0,3,30,17,6,0,1099,134,731,13,14,1,173,27,12,3,0,232,94,724,7,14,0,3,20,12,3,0,727,636,91,2868.92112394131,491968.082115258
120,002202,2,110010022022,750,700,50,561,0,5,0,84,31,6,5,14,145,23,548,0,5,0,1,28,4,5,14,591,38,450,0,5,0,65,25,5,4,13,98,20,443,0,5,0,1,24,4,4,13,347,306,41,1276.05386765038,98474.242453598
121,002202,3,110010022023,941,901,68,721,7,9,0,96,34,11,8,5,160,48,694,2,9,0,0,23,1,7,5,750,60,580,5,9,0,70,22,11,5,5,118,46,560,2,9,0,0,12,1,4,5,360,330,30,1297.26739732503,105014.713028176
122,002301,1,110010023011,1176,1160,193,841,5,20,0,101,7,6,2,0,149,158,832,5,20,0,3,6,6,2,0,957,181,672,5,15,0,72,5,5,1,0,110,151,667,5,15,0,2,4,5,1,0,423,397,26,2385.00547151094,181560.107920264
123,002301,2,110010023012,1798,1739,281,1296,15,17,2,128,37,9,10,18,253,213,1281,2,17,0,2,23,9,9,1,1441,235,1056,8,13,2,84,23,9,9,15,175,186,1043,1,13,0,2,14,9,8,1,745,672,73,2214.84741142242,231009.281923924
124,002302,1,110010023021,2036,1983,1022,870,10,60,0,21,40,19,13,7,84,978,860,10,60,0,2,31,18,13,3,1915,1004,778,10,58,0,19,34,19,11,7,68,968,772,10,58,0,2,27,18,10,3,1573,1216,357,5876.13667254679,2015113.17440509
125,002400,1,110010024001,870,840,220,486,0,20,0,114,20,10,4,0,224,131,475,0,20,0,4,12,8,4,0,723,199,408,0,20,0,70,18,10,3,0,158,127,399,0,20,0,4,12,8,3,0,363,337,26,1386.70950764386,98616.8325370978
126,002400,2,110010024002,1089,1066,215,728,8,14,0,101,15,6,2,3,190,153,715,3,14,0,0,12,6,2,2,874,177,596,7,11,0,65,12,5,1,3,128,133,588,3,11,0,0,9,5,1,2,413,370,43,2102.9413889488,215166.817910642
127,002400,3,110010024003,650,634,142,408,1,19,1,63,6,7,4,1,109,112,396,1,19,1,3,5,3,3,1,525,127,318,1,16,1,47,6,7,3,1,84,103,312,1,16,1,0,5,3,2,1,236,220,16,1474.82082165752,108136.846761391
128,002400,4,110010024004,1009,984,216,671,6,7,0,84,13,8,8,0,162,164,654,1,7,0,1,10,9,7,0,829,193,542,3,7,0,65,10,8,5,0,124,154,528,1,7,0,1,7,8,5,0,372,348,24,1681.87127100482,134384.538395636
129,002501,1,110010025011,1148,1102,154,753,4,4,4,183,22,16,4,11,288,93,730,3,4,1,3,19,16,4,0,939,132,638,4,3,3,126,16,13,3,7,204,87,619,3,3,1,2,14,13,3,0,525,510,15,2464.61940598853,315700.212922975
130,002501,2,110010025012,1406,1337,459,679,7,21,0,171,28,10,15,21,301,370,668,4,21,0,11,25,8,12,2,1153,382,582,7,19,0,114,19,9,7,18,226,308,572,4,19,0,6,16,7,6,2,517,494,23,2061.78014664323,227708.482817012
131,002502,1,110010025021,1038,989,166,580,6,9,0,228,19,3,6,17,352,109,550,1,9,0,5,11,3,5,0,835,147,492,4,8,0,144,14,3,5,14,243,99,472,1,8,0,2,9,3,4,0,480,435,45,1513.12329511894,141293.860180603
132,002502,2,110010025022,1376,1310,373,714,7,22,0,194,29,10,19,3,358,261,687,6,22,0,3,24,9,19,0,1155,328,606,3,22,0,148,18,9,13,3,265,249,587,2,22,0,3,16,8,13,0,665,557,108,1533.67265846046,151464.074018119
133,002502,3,110010025023,1383,1286,402,552,2,25,4,301,29,15,19,26,537,239,526,2,24,4,17,22,10,14,2,1126,349,453,2,23,4,229,19,15,12,19,404,222,439,2,22,4,12,13,10,9,2,428,403,25,1688.18129524843,150752.907125653
134,002502,4,110010025024,2176,1929,552,650,24,35,1,667,39,19,16,129,1285,228,600,4,35,1,3,15,6,9,0,1710,457,528,19,30,0,482,32,16,11,95,964,208,487,2,30,0,2,13,5,7,0,842,756,86,1675.49854716447,160935.753240204
135,002600,1,110010026001,928,881,435,374,2,27,0,43,33,13,11,2,87,403,369,2,27,0,5,25,8,11,2,796,372,331,2,24,0,35,22,10,6,2,72,343,326,2,24,0,5,18,8,6,2,476,447,29,4931.5656932221,842275.748585123
136,002600,2,110010026002,1238,1193,481,652,4,40,0,16,33,10,12,0,62,439,648,4,40,0,7,32,8,11,0,1020,410,536,4,31,0,10,23,10,6,0,45,380,532,4,31,0,4,22,8,5,0,525,500,25,6961.61573802473,1373978.84133744
137,002701,1,110010027011,553,527,389,84,1,40,0,13,15,6,7,0,69,344,81,1,40,0,0,14,5,5,0,505,367,73,1,35,0,8,14,6,3,0,56,327,70,1,35,0,0,13,5,3,0,311,295,16,818.54636735538,36068.5627882954
138,002701,2,110010027012,1880,1786,1046,472,5,117,2,144,43,9,40,3,306,925,461,1,114,2,1,28,6,38,3,1705,962,441,4,105,2,119,34,8,30,3,248,867,430,1,102,2,1,23,5,28,3,930,889,41,1741.8044100092,126363.626118311
139,002701,3,110010027013,871,837,686,97,6,35,0,13,15,6,15,0,81,637,91,2,35,0,1,10,2,13,0,727,581,81,4,34,0,10,7,6,7,0,61,543,76,2,34,0,1,4,2,6,0,389,368,21,2708.42569761353,232102.764433115
140,002701,4,110010027014,1929,1839,707,628,17,84,0,403,51,35,26,9,813,361,603,12,78,0,16,34,20,17,4,1686,638,574,15,76,0,307,44,33,20,8,639,355,552,11,72,0,15,30,18,14,4,1215,1103,112,1300.04820658244,55734.1054913006
141,002702,1,110010027021,1608,1527,782,197,37,85,1,425,18,12,16,4,817,495,171,8,83,0,10,9,4,13,3,1426,725,181,26,76,1,348,16,12,14,4,678,482,157,4,75,0,7,9,4,12,3,839,776,63,1180.16119167925,77470.2852343917
142,002702,2,110010027022,2253,2163,1599,334,10,79,0,141,27,16,19,4,336,1459,323,6,78,0,8,19,7,16,4,1986,1423,305,10,71,0,110,18,13,14,2,276,1303,294,6,70,0,5,13,7,11,2,1137,980,157,2541.42763502337,193542.015416067
143,002702,3,110010027023,1365,1316,1058,168,1,41,0,48,20,10,23,6,150,970,158,1,41,0,6,15,10,23,4,1166,909,149,1,38,0,36,12,7,16,6,122,835,140,1,38,0,3,10,7,16,4,589,555,34,3023.49014572588,234539.314312536
144,002801,1,110010028011,1319,1262,597,433,7,57,1,167,22,12,14,1,286,523,419,5,54,0,3,13,9,13,1,1185,581,364,4,54,1,130,19,12,14,1,238,512,351,2,51,0,3,12,9,13,1,780,682,98,1149.02870191161,66568.7905864543
145,002801,2,110010028012,2454,2340,644,926,16,98,0,656,47,28,27,4,1096,294,902,6,97,0,9,31,15,18,4,1960,547,724,12,75,0,511,34,18,24,3,852,280,707,4,74,0,7,20,9,15,3,1040,964,76,1283.06488947042,105324.603414088
146,002802,1,110010028021,2385,2254,1038,567,23,110,1,515,28,13,26,5,1023,656,548,3,109,1,3,17,7,21,1,2024,922,464,17,102,1,405,28,13,23,5,795,625,455,3,101,1,2,17,7,21,1,1264,1151,113,1225.41912533093,89027.5618574958
147,002802,2,110010028022,1892,1789,715,502,28,71,1,472,37,24,14,4,820,469,486,6,71,0,1,26,11,7,1,1544,642,390,21,64,1,345,27,19,11,2,617,448,379,4,64,0,1,20,10,7,1,878,784,94,1543.84990747653,138986.770481917
148,002900,1,110010029001,1802,1732,658,699,8,39,1,327,25,10,27,2,503,524,690,3,39,1,8,19,7,20,1,1519,607,578,5,38,1,243,17,10,16,2,375,501,571,2,38,1,7,13,7,13,1,776,696,80,1581.80290136068,131890.515732558
149,002900,2,110010029002,2160,1987,948,547,21,86,4,381,27,18,21,9,867,635,523,1,86,4,9,12,4,20,2,1845,853,460,15,74,4,299,19,15,18,9,683,598,445,1,74,4,9,10,4,17,2,867,752,115,1877.28070887122,170442.095725691
150,003000,1,110010030001,1562,1474,822,396,3,93,5,155,37,18,32,2,291,728,383,2,93,2,5,30,14,29,1,1440,792,358,3,90,4,122,26,16,29,2,239,711,348,2,90,2,2,21,12,26,1,844,773,71,1388.89002113519,114853.899398462
151,003000,2,110010030002,1836,1773,554,1059,2,32,0,126,37,23,14,7,241,495,1026,0,31,0,2,31,16,14,2,1414,536,700,2,31,0,97,31,20,10,6,181,484,686,0,30,0,2,25,13,10,2,755,716,39,1392.40563839065,97060.9580807056
152,003100,1,110010031001,2885,2757,949,1086,18,101,0,603,38,24,20,11,1037,652,1056,1,97,0,6,22,9,16,4,2439,856,919,15,92,0,460,31,18,17,10,789,628,894,1,90,0,5,19,8,15,4,1131,1009,122,2574.25544465494,294776.24488345
153,003200,1,110010032001,1060,1036,276,653,4,16,0,87,12,9,2,0,180,219,631,4,16,0,0,8,7,2,0,883,243,531,3,15,0,73,9,7,2,0,142,201,514,3,15,0,0,6,5,2,0,370,345,25,1348.16078946634,99431.6752355835
154,003200,2,110010032002,911,901,233,513,2,9,0,144,6,3,1,1,247,141,504,1,9,0,4,5,2,0,0,749,184,442,2,9,0,104,4,3,1,1,163,134,435,1,9,0,3,4,2,0,0,380,338,42,1349.39439711411,96642.8371881813
155,003200,3,110010032003,1572,1522,308,946,11,26,1,230,24,9,6,0,429,160,930,5,26,1,3,13,3,5,0,1218,272,704,8,24,1,169,16,6,6,0,326,152,693,3,24,1,3,11,3,5,0,582,519,63,1452.64896468374,126472.121747499
156,003200,4,110010032004,1370,1344,297,805,5,41,0,196,14,11,7,0,332,203,771,4,41,0,2,11,7,6,0,1107,274,636,5,35,0,139,11,8,5,0,245,202,606,4,35,0,2,9,6,4,0,508,467,41,1552.69401489864,122307.973277195
157,003301,1,110010033011,1119,1065,267,770,2,13,0,13,42,16,15,0,34,250,760,2,13,0,8,40,16,15,0,961,242,657,2,12,0,10,26,10,14,0,27,230,648,2,12,0,6,24,10,14,0,496,443,53,2397.38904483037,249714.186063083
158,003301,2,110010033012,1051,1016,410,565,5,24,1,11,22,11,11,6,54,386,554,4,24,0,1,20,10,10,6,956,387,501,4,24,1,11,18,8,8,6,48,367,490,4,24,0,1,17,7,8,6,543,478,65,1463.26320259085,105663.059925504
159,003301,3,110010033013,1028,991,282,663,0,25,3,18,22,11,16,1,37,262,658,0,25,3,8,20,10,16,1,911,269,566,0,25,3,17,20,8,13,1,36,249,561,0,25,3,8,18,7,13,1,539,484,55,1347.2252387866,84233.6557945037
160,003302,1,110010033021,1120,1087,364,650,7,21,0,45,31,11,3,0,89,339,635,7,21,0,0,27,11,3,0,965,341,533,7,21,0,42,19,8,3,0,78,320,520,7,21,0,0,17,8,3,0,522,459,63,1501.36133272594,104899.950031115
161,003302,2,110010033022,1014,967,371,566,0,20,0,10,26,10,17,0,39,348,562,0,20,0,2,25,9,16,0,891,354,469,0,20,0,9,18,10,14,0,35,334,465,0,20,0,2,17,9,13,0,460,428,32,1427.47138503355,93709.047107039
162,003400,1,110010034001,1247,1206,158,1004,2,24,1,17,32,12,7,3,55,143,987,2,18,1,6,30,11,5,1,1095,144,875,2,21,1,13,32,12,5,3,44,134,862,2,15,1,4,30,11,3,1,510,410,100,1356.08606396223,105509.795267187
163,003400,2,110010034002,3100,2946,418,2388,18,73,2,47,125,54,38,5,184,385,2308,6,72,2,10,113,50,35,4,2902,394,2254,13,65,2,40,108,47,35,5,156,366,2181,6,64,2,10,99,44,32,4,837,615,222,5315.09353346704,972023.201333683
164,003500,1,110010035001,1594,1522,499,813,8,46,0,156,31,4,14,3,303,421,779,5,46,0,4,20,3,13,3,1388,462,701,7,44,0,121,27,4,9,3,231,403,671,4,44,0,4,20,3,8,3,669,601,68,1424.56341685953,123810.712712558
165,003500,2,110010035002,2146,2072,127,1868,6,60,0,11,60,22,14,5,68,109,1841,6,60,0,3,50,21,12,4,2010,119,1743,6,60,0,10,58,22,14,5,61,105,1716,6,60,0,3,50,21,12,4,520,363,157,2346.40091255792,258019.837524041
166,003600,1,110010036001,1482,1429,572,672,4,44,0,137,19,15,11,5,256,494,658,3,44,0,4,12,5,10,4,1278,547,541,4,44,0,102,14,10,10,4,200,480,528,3,44,0,4,10,4,9,3,894,746,148,1188.20253308954,76047.0231890355
167,003600,2,110010036002,1359,1319,412,630,6,57,0,214,12,8,14,3,344,319,610,2,55,0,5,10,6,13,2,1154,392,522,5,53,0,148,12,7,12,3,255,313,507,2,51,0,4,10,6,11,2,751,629,122,1093.17698349331,73580.3312876979
168,003600,3,110010036003,1367,1300,789,343,3,60,0,105,27,16,19,3,209,708,336,3,59,0,5,27,9,18,3,1248,752,315,2,52,0,74,24,14,13,3,161,680,311,2,51,0,3,24,9,12,3,663,612,51,1820.07939668843,155997.913457985
169,003700,1,110010037001,1236,1161,578,348,2,52,3,178,39,13,17,6,355,492,305,2,52,3,2,8,6,16,0,1016,548,246,1,42,2,112,33,13,17,2,244,481,220,1,42,2,2,7,6,16,0,633,582,51,1001.94955476484,61319.3645279752
170,003700,2,110010037002,3228,3094,782,1823,9,96,6,378,70,34,27,4,663,619,1772,6,93,3,8,45,22,20,2,2695,720,1476,7,90,6,297,51,24,24,3,503,598,1437,5,87,3,7,36,14,19,2,1304,1228,76,1411.15520779488,119645.476507391
171,003700,3,110010037003,1299,1252,555,356,11,64,1,265,25,13,11,5,496,379,328,5,61,1,6,12,6,9,5,1087,514,266,9,61,1,196,22,13,8,5,378,371,249,3,59,1,6,12,6,6,5,633,591,42,1653.19851621828,111347.13979206
172,003800,1,110010038001,1991,1902,1299,274,13,136,0,180,26,20,38,4,429,1092,260,3,135,0,10,23,17,34,1,1831,1233,252,11,122,0,136,22,18,35,4,348,1058,239,3,121,0,6,19,16,32,1,1202,1103,99,1553.02608122149,115891.57600159
173,003800,2,110010038002,1495,1436,1077,191,3,94,1,70,27,9,29,1,181,979,189,2,92,1,5,22,5,24,1,1393,1023,177,3,92,1,57,14,9,22,1,157,934,175,2,90,1,5,10,5,17,1,1038,964,74,1852.41091043618,148912.346420832
174,003800,3,110010038003,1128,1081,508,360,6,31,0,176,24,8,11,2,325,385,347,5,30,0,11,14,5,10,1,953,470,300,4,26,0,120,17,8,7,1,233,372,291,3,25,0,11,10,5,6,0,621,558,63,1471.34873933095,91002.3807512434
175,003900,1,110010039001,1350,1302,952,192,3,85,2,68,29,19,14,0,173,862,188,3,84,2,10,14,7,13,0,1287,928,183,3,76,2,56,22,15,12,0,152,844,179,3,75,2,9,11,6,11,0,931,882,49,1021.37866912331,45842.5045711066
176,003900,2,110010039002,1045,1006,833,82,6,52,0,33,20,9,13,1,98,774,81,5,52,0,2,18,9,13,1,1018,811,82,6,50,0,32,19,9,12,1,93,756,81,5,50,0,2,17,9,12,1,804,750,54,2998.14999918668,230930.479266746
177,003900,3,110010039003,1148,1101,789,192,5,54,1,60,25,11,14,0,169,707,181,3,54,0,6,13,6,13,0,1085,751,182,5,53,1,54,21,7,11,0,147,683,171,3,53,0,4,12,6,10,0,695,658,37,1422.62896509071,75019.0660411179
178,003900,4,110010039004,931,895,711,97,7,34,1,45,14,4,18,2,113,652,96,2,34,1,3,10,3,18,2,835,655,81,6,29,1,39,10,3,14,2,100,601,80,2,29,1,2,6,3,14,2,566,516,50,948.539287579802,49172.5150287414
179,005600,3,110010056003,2048,1971,1400,242,7,280,0,42,41,20,38,2,154,1307,234,5,280,0,2,38,18,35,2,1997,1373,232,7,274,0,38,41,20,35,2,147,1282,224,5,274,0,2,38,18,32,2,847,743,104,1070.03763916405,61242.7385593047
180,005600,4,110010056004,1180,1131,896,57,3,167,0,8,22,14,27,2,57,858,51,3,165,0,4,19,12,23,2,1166,887,57,3,167,0,8,20,14,24,2,56,849,51,3,165,0,4,17,12,21,2,725,533,192,1179.00017405505,87652.5641590833
181,005800,1,110010058001,930,900,739,74,3,73,1,10,11,6,13,2,64,694,73,3,71,1,1,5,6,13,2,894,720,64,3,72,1,10,8,6,10,2,59,677,63,3,70,1,1,5,6,10,2,993,650,343,3638.56080638037,677786.803668222
182,005800,2,110010058002,1900,1837,1067,191,4,529,3,43,18,11,33,4,116,1004,189,4,529,3,0,16,10,33,4,1816,1039,190,4,491,3,32,16,11,29,4,102,979,188,4,491,3,0,14,10,29,4,1313,1160,153,2427.73426124563,232925.859186118
183,005900,1,110010059001,2998,2922,1712,826,9,280,1,94,37,15,29,2,223,1617,806,9,278,1,7,25,13,25,1,2885,1695,752,7,278,1,83,31,14,27,2,207,1603,732,7,276,1,7,21,12,23,1,1868,1523,345,3377.37198275827,643826.10708364
184,006202,1,110010062021,33,33,7,25,0,1,0,0,0,0,0,0,0,7,25,0,1,0,0,0,0,0,0,29,7,21,0,1,0,0,0,0,0,0,0,7,21,0,1,0,0,0,0,0,0,8,8,0,27060.0709896142,11417531.6664333
185,006400,1,110010064001,1242,1215,73,1092,12,35,0,3,25,14,4,2,30,68,1074,12,35,0,0,21,10,4,2,946,71,819,7,23,0,2,22,12,4,2,20,66,810,7,23,0,0,18,8,4,2,629,583,46,1638.89877708297,168200.66541035
186,006400,2,110010064002,897,880,69,768,12,3,0,28,12,8,3,1,35,65,765,12,3,0,3,11,7,3,1,619,65,511,6,3,0,20,9,6,3,1,29,61,508,6,3,0,1,8,5,3,1,426,394,32,3781.9655523019,748311.752198822
187,006500,1,110010065001,997,973,788,114,6,52,1,12,8,7,13,3,50,756,110,5,51,1,6,6,3,13,2,926,732,112,6,45,1,10,6,5,11,3,40,707,109,5,44,1,4,4,3,11,2,631,526,105,2182.30771452244,145286.436826583
188,006500,2,110010065002,1534,1496,1300,114,7,61,0,14,11,6,19,4,73,1243,112,6,61,0,4,11,6,18,4,1370,1181,100,5,52,0,8,5,3,14,2,62,1130,98,5,52,0,2,5,3,13,2,912,794,118,3067.88661425362,350737.45415232
189,006600,1,110010066001,1909,1876,1718,58,11,70,1,18,15,8,14,1,78,1659,56,10,70,1,4,14,8,13,1,1680,1525,50,10,58,1,15,10,7,9,0,60,1482,48,10,58,1,2,9,7,8,0,1143,1016,127,2663.23824410057,296210.81455095
190,006700,1,110010067001,1194,1162,847,263,5,36,1,10,9,8,17,2,52,808,262,4,36,1,4,8,6,17,2,1025,737,226,3,30,1,7,7,7,10,1,42,704,225,3,30,1,2,6,6,10,1,595,548,47,1551.90322417756,145689.729595261
191,006700,2,110010067002,1111,1081,970,75,2,31,1,2,12,8,13,2,34,946,73,2,30,1,0,9,6,12,2,975,854,67,2,27,1,2,8,8,9,2,25,837,67,2,26,1,0,5,6,8,2,627,585,42,1395.48953909587,114820.02636745
192,006700,3,110010067003,1470,1436,1260,114,4,47,0,11,12,7,18,0,61,1211,112,4,47,0,6,11,5,16,0,1283,1112,96,4,41,0,11,8,7,6,0,54,1068,94,4,41,0,6,7,5,6,0,786,733,53,1705.84617198244,167758.702924885
193,006801,1,110010068011,1349,1314,378,896,2,21,0,17,24,9,14,0,59,347,887,1,21,0,2,21,8,14,0,1163,343,755,2,20,0,15,20,8,10,0,48,316,750,1,20,0,2,18,7,10,0,637,572,65,1658.6624990173,153837.9177182
194,007409,2,110010074092,1500,1473,8,1454,1,5,0,5,27,15,4,0,13,8,1447,1,5,0,0,26,14,4,0,945,6,914,1,3,0,5,16,10,3,0,10,6,910,1,3,0,0,15,9,3,0,623,601,22,1783.25927959937,157688.281552822
195,007409,3,110010074093,1211,1206,1,1203,1,1,0,0,5,4,0,0,9,1,1195,1,1,0,0,4,4,0,0,743,1,736,1,1,0,0,4,4,0,0,4,1,732,1,1,0,0,4,4,0,0,517,467,50,2026.55098056725,155830.969057986
196,007502,1,110010075021,2679,2643,29,2597,2,3,0,12,36,11,12,0,20,23,2590,2,3,0,5,36,11,12,0,1895,27,1830,2,3,0,10,23,6,7,0,16,21,1826,2,3,0,4,23,6,7,0,934,857,77,2551.82884217372,269733.809624376
197,007502,2,110010075022,1862,1811,14,1783,2,5,0,7,50,24,10,3,37,11,1767,2,5,0,5,34,19,7,1,1356,14,1291,2,5,0,6,37,18,8,1,25,11,1281,2,5,0,4,27,14,5,1,964,820,144,3460.50222223177,345994.637173895
198,007503,1,110010075031,740,731,18,701,0,1,0,11,7,5,2,2,13,18,699,0,1,0,1,7,5,2,2,569,18,534,0,1,0,8,7,5,1,2,8,18,534,0,1,0,1,7,5,1,2,353,290,63,2568.66506150494,278524.14224964
199,007503,2,110010075032,1685,1657,21,1618,8,5,0,5,27,9,2,2,24,19,1609,2,5,0,2,23,9,2,2,1072,21,1027,5,4,0,5,9,7,0,1,14,19,1021,2,4,0,2,9,7,0,1,647,567,80,1913.41899320554,221233.132343445
200,007504,1,110010075041,2451,2406,25,2370,5,4,0,2,45,18,6,0,6,24,2370,5,4,0,0,42,17,6,0,1652,22,1589,3,4,0,2,32,12,4,0,6,21,1589,3,4,0,0,29,11,4,0,1215,1007,208,4403.70024115352,796541.206043481
201,007601,1,110010076011,645,627,28,591,2,3,0,3,18,8,1,0,14,24,586,2,3,0,0,16,7,1,0,478,23,438,2,3,0,3,9,6,1,0,10,20,436,2,3,0,0,7,5,1,0,326,272,54,1442.78026123755,115124.07396706
202,006801,2,110010068012,600,579,269,296,1,10,0,3,6,3,11,1,15,260,296,1,10,0,1,3,3,11,1,524,231,261,1,10,0,3,5,3,9,1,13,223,261,1,10,0,1,3,3,8,1,340,308,32,1257.08273320355,90733.6750233452
203,006802,1,110010068021,721,702,303,373,1,12,0,13,11,2,14,0,31,288,370,1,10,0,6,8,0,12,0,621,273,318,1,10,0,9,6,1,7,0,26,258,316,1,10,0,3,4,0,6,0,378,336,42,1568.08033273419,106223.059857389
204,006802,2,110010068022,1363,1327,634,649,5,26,0,13,26,12,10,0,63,606,639,4,26,0,2,14,8,9,0,1133,531,538,5,21,0,9,20,10,9,0,45,508,534,4,21,0,0,13,8,8,0,626,585,41,2087.33944441352,176391.370718344
205,006804,1,110010068041,3670,3567,187,3225,29,21,1,104,75,41,25,11,315,91,3138,24,21,0,8,64,33,19,5,3396,186,2965,25,20,1,101,70,36,21,11,296,91,2894,20,20,0,7,59,28,15,5,13,12,1,6734.28725493454,2023092.67337275
206,006900,1,110010069001,1391,1353,887,429,3,28,0,6,9,7,26,0,55,845,424,2,28,0,4,7,5,23,0,1231,795,376,2,27,0,3,8,7,17,0,43,760,374,1,27,0,1,6,5,16,0,815,768,47,2599.90782933651,249227.362927912
207,006900,2,110010069002,788,768,517,207,4,33,2,5,2,6,9,2,32,495,206,4,33,2,2,2,1,9,2,657,439,172,4,25,2,4,1,3,6,1,25,420,171,4,25,2,1,1,1,6,1,375,346,29,1655.95045307973,161032.766982893
208,007000,1,110010070001,1352,1308,1066,201,1,23,0,17,14,9,27,1,69,1017,199,1,23,0,6,13,7,23,1,1205,970,171,1,20,0,14,11,9,15,1,57,928,169,1,20,0,4,11,7,14,1,774,731,43,1831.89248617226,178315.008538975
209,007000,2,110010070002,1460,1440,1143,232,7,42,4,12,9,2,4,2,93,1076,224,6,41,4,3,7,2,4,1,1391,1104,207,7,41,4,10,7,2,4,2,87,1040,202,6,40,4,1,5,2,4,1,494,464,30,2125.26080008068,242060.498853932
210,007100,1,110010071001,833,818,168,617,8,8,0,17,9,5,6,0,43,149,612,8,8,0,0,9,5,4,0,607,152,418,6,8,0,13,5,3,5,0,32,139,413,6,8,0,0,5,3,4,0,397,355,42,3273.35562788751,506424.98800804
211,007100,2,110010071002,2078,1989,809,1086,7,64,0,23,35,26,33,2,115,749,1079,7,63,0,7,27,16,28,2,1682,743,791,6,62,0,18,27,23,19,2,87,691,788,6,61,0,6,24,14,16,2,1064,987,77,2337.35298049271,224875.287468009
212,007200,1,110010072001,1964,1909,1389,386,4,109,0,21,21,12,24,4,110,1314,378,3,109,0,3,19,12,24,4,1851,1343,330,4,105,0,21,17,11,21,4,108,1269,322,3,105,0,3,16,11,21,4,1652,1201,451,2503.64684723115,302112.118975744
213,007200,2,110010072002,830,800,281,476,0,35,0,8,17,8,6,2,45,255,473,0,34,0,0,15,6,6,2,807,274,463,0,33,0,8,17,7,6,2,43,249,460,0,32,0,0,15,6,6,2,718,629,89,5067.06751957292,1339566.02871378
214,007301,1,110010073011,3012,2818,1791,767,21,110,13,116,106,26,72,31,391,1605,717,18,102,13,10,87,21,67,29,2064,1293,511,18,81,11,76,38,17,25,12,236,1167,487,15,78,11,5,33,15,23,12,991,812,179,17862.9884721654,9873892.76213028
215,007304,1,110010073041,2353,2336,13,2315,1,4,1,2,17,8,6,0,12,13,2304,1,4,1,2,16,8,6,0,1514,11,1488,1,4,1,2,7,4,2,0,6,11,1482,1,4,1,2,7,4,2,0,848,729,119,5464.9029120241,996959.128748073
216,007304,2,110010073042,681,676,19,646,8,1,0,2,5,1,0,0,12,18,638,7,1,0,0,5,1,0,0,523,19,493,4,1,0,2,4,1,0,0,9,18,488,3,1,0,0,4,1,0,0,303,258,45,1344.65738533975,105389.798546663
217,007304,3,110010073043,512,501,9,482,1,2,0,7,10,4,2,2,14,9,478,1,2,0,1,6,4,2,2,392,9,366,1,2,0,6,7,4,2,2,9,9,363,1,2,0,1,6,4,2,2,225,211,14,1977.05083311186,148071.804172213
218,007401,1,110010074011,1484,1478,10,1457,9,1,0,1,6,2,0,1,6,9,1456,7,1,0,0,5,2,0,1,890,7,873,6,1,0,0,3,1,0,1,5,6,872,4,1,0,0,2,1,0,1,496,452,44,5456.80674667351,1271800.6508682
219,007401,2,110010074012,930,915,7,892,1,4,0,11,15,8,4,0,25,6,886,1,4,0,0,8,4,4,0,578,7,552,1,3,0,8,7,3,1,0,15,6,550,1,3,0,0,3,2,1,0,439,319,120,2181.86879014992,175912.771709051
220,007403,1,110010074031,2859,2835,12,2811,4,7,0,1,24,7,8,0,24,12,2792,2,6,0,0,23,7,8,0,1956,11,1918,3,7,0,1,16,4,6,0,12,11,1910,2,6,0,0,15,4,6,0,1180,1092,88,3174.08157678529,326104.07236817
221,007404,1,110010074041,1923,1894,17,1859,3,2,0,13,28,17,4,2,31,17,1844,1,2,0,2,25,15,4,2,1237,13,1193,3,2,0,10,15,5,4,2,17,13,1186,1,2,0,2,15,5,4,2,710,657,53,2690.44068413715,353801.451686698
222,007404,2,110010074042,999,974,22,935,1,6,0,10,25,14,4,0,23,12,932,1,6,0,2,23,13,4,0,630,14,588,1,5,0,4,18,9,4,0,13,9,585,1,5,0,0,17,8,4,0,379,316,63,2596.41216404019,254534.868527666
223,007404,3,110010074043,388,378,2,371,0,0,0,5,5,3,1,0,10,2,371,0,0,0,0,4,3,1,0,233,2,222,0,0,0,3,4,2,0,0,6,2,222,0,0,0,0,3,2,0,0,219,133,86,2425.66273098192,197490.144008067
224,007406,1,110010074061,1439,1419,13,1400,1,0,0,5,20,7,0,1,42,9,1376,1,0,0,2,9,7,0,1,953,10,926,1,0,0,5,11,5,0,1,21,8,915,1,0,0,2,6,5,0,1,519,478,41,1628.1363664773,174608.784953644
225,007406,2,110010074062,1624,1609,7,1584,4,2,0,12,15,6,4,2,29,2,1574,4,2,0,2,11,4,2,0,877,4,853,2,2,0,6,10,5,3,1,14,2,849,2,2,0,1,7,4,2,0,547,507,40,2804.71867655678,195089.003811793
226,007407,1,110010074071,816,807,5,798,3,0,0,1,8,5,0,0,12,5,788,3,0,0,0,8,5,0,0,563,5,546,3,0,0,1,7,4,0,0,6,5,542,3,0,0,0,7,4,0,0,362,343,19,2721.28838239034,340100.207366426
227,007407,2,110010074072,1771,1744,27,1701,0,11,0,5,27,9,1,1,24,27,1681,0,11,0,3,25,9,1,1,1287,25,1232,0,7,0,4,19,7,1,1,16,25,1220,0,7,0,2,17,7,1,1,841,747,94,2531.84881278264,270525.76088714
228,007408,1,110010074081,3038,3010,32,2964,7,4,0,3,28,15,0,1,32,26,2939,7,4,0,2,28,15,0,1,2027,27,1970,6,3,0,3,18,12,0,1,20,24,1954,6,3,0,2,18,12,0,1,1239,1053,186,3911.21186837082,382391.546224026
229,007409,1,110010074091,788,776,11,760,1,0,0,4,12,7,2,0,12,3,757,1,0,0,4,11,7,2,0,603,9,579,0,0,0,4,11,7,2,0,9,3,577,0,0,0,4,10,7,2,0,367,349,18,1299.44333286112,84225.8768685409
230,004100,3,110010041003,808,788,661,25,3,60,1,38,12,4,5,1,79,616,25,3,60,1,8,12,4,4,1,726,606,21,3,52,1,32,4,2,5,1,75,562,21,3,52,1,4,4,2,4,1,414,380,34,3380.08317011014,412355.782436067
231,004201,1,110010042011,1434,1399,1120,139,2,100,0,38,14,6,12,0,157,1016,135,1,99,0,1,12,5,11,0,1386,1092,127,2,98,0,35,12,6,11,0,145,997,123,1,97,0,1,10,5,10,0,1085,1004,81,1408.66809629607,90060.2625134863
232,004201,2,110010042012,1908,1851,1601,101,3,115,0,31,19,14,29,2,109,1528,101,2,115,0,5,16,12,27,2,1836,1546,93,3,112,0,31,18,13,25,1,106,1476,93,2,112,0,5,15,11,23,1,1174,1109,65,1417.98698323847,114448.011374205
233,004202,1,110010042021,1357,1314,1136,28,5,119,3,23,9,5,28,4,97,1068,27,3,118,3,2,8,3,28,4,1318,1105,28,5,113,3,23,9,5,26,4,96,1038,27,3,112,3,2,8,3,26,4,902,838,64,1582.64158016218,111186.826402422
234,004202,2,110010042022,1414,1374,1145,101,5,97,0,26,10,7,22,3,118,1065,99,3,96,0,5,8,4,19,2,1373,1123,96,4,88,0,23,10,7,22,3,112,1045,94,3,87,0,4,8,4,19,2,1013,949,64,1454.74380095379,97201.2459441857
235,004300,1,110010043001,2062,2002,1123,628,14,99,2,136,25,12,21,3,308,987,620,10,92,2,1,21,9,20,3,1876,1097,526,9,95,2,94,21,12,20,3,245,974,519,7,90,2,1,18,9,19,3,1327,1267,60,1557.6431925685,122719.905126253
236,004300,2,110010043002,1193,1162,726,273,4,58,0,101,13,9,14,1,184,655,269,2,57,0,5,8,8,12,1,1087,698,241,4,55,0,65,12,9,9,1,142,632,237,2,54,0,4,7,8,8,1,757,676,81,1435.15396298268,113903.174809679
237,004400,1,110010044001,2769,2693,1987,431,9,197,0,69,32,13,38,3,226,1849,417,8,196,0,8,31,12,36,3,2652,1924,404,9,187,0,66,27,14,29,3,218,1792,390,8,186,0,6,26,12,28,3,1771,1671,100,2006.86214051829,246872.29663198
238,004400,2,110010044002,1803,1754,1002,585,15,63,0,89,13,10,23,2,191,929,565,10,63,0,7,11,8,21,2,1611,952,482,12,61,0,63,10,10,20,2,148,891,464,9,61,0,5,10,8,19,2,880,822,58,2324.77682875257,274819.251805338
239,004600,1,110010046001,1177,1140,290,782,2,39,0,27,29,11,20,1,96,242,768,2,39,0,3,20,9,16,1,978,274,615,2,36,0,20,24,11,15,1,73,237,602,2,36,0,3,19,9,14,1,544,474,70,1633.39096307773,139287.312194865
240,004600,2,110010046002,1851,1789,526,1182,1,58,0,22,31,9,22,6,125,455,1161,1,57,0,4,25,5,20,4,1559,483,945,1,58,0,19,29,5,20,5,94,431,931,1,57,0,3,23,2,19,4,921,794,127,2565.60979906103,297630.026053208
241,004701,1,110010047011,1111,1101,9,1057,4,27,0,4,9,5,0,1,16,8,1046,4,27,0,1,8,5,0,1,805,8,762,3,19,0,4,8,5,0,1,12,7,755,3,19,0,1,7,5,0,1,429,384,45,1234.13045488055,93618.0595710895
242,004701,2,110010047012,2875,2818,586,1697,15,503,1,16,36,22,23,3,92,541,1679,9,500,1,2,31,19,23,3,2261,572,1161,14,450,1,16,28,15,21,3,86,529,1145,9,447,1,2,24,13,21,3,1709,1618,91,2917.17301675647,227600.143935272
243,004702,1,110010047021,1802,1742,703,853,0,158,1,27,35,14,21,1,95,659,844,0,158,1,5,24,8,16,1,1647,693,724,0,157,1,21,31,11,17,1,84,649,716,0,157,1,4,22,8,14,1,988,922,66,2950.75809494102,324502.438578914
244,004801,1,110010048011,2143,2045,847,961,9,123,5,100,50,24,50,2,191,776,952,6,123,0,10,48,19,48,2,1934,816,829,9,113,3,80,43,22,41,2,166,752,820,6,113,0,5,41,17,39,2,1208,1078,130,2458.97270141106,317459.981364852
245,004802,1,110010048021,1212,1181,508,546,6,81,1,39,16,8,14,0,82,470,543,5,81,0,4,14,7,12,0,1063,495,424,6,77,1,32,14,8,13,0,72,460,422,5,77,0,3,12,6,11,0,722,609,113,1542.86928690382,139477.865941101
246,004802,2,110010048022,1710,1664,358,918,10,288,0,90,32,23,6,1,141,323,914,4,287,0,2,31,23,6,1,1429,335,752,7,226,0,74,22,18,6,0,114,307,749,4,225,0,1,21,18,6,0,839,773,66,1682.9922516032,148620.239429479
247,004901,1,110010049011,1184,1164,307,790,6,15,1,45,15,6,9,0,113,243,776,5,15,1,15,11,4,9,0,843,261,524,6,11,1,27,8,5,7,0,73,221,517,5,11,1,4,6,4,7,0,509,481,28,1375.61490590898,85705.2169616914
248,004901,2,110010049012,903,872,486,285,8,79,0,14,15,7,12,0,65,443,284,7,79,0,1,13,7,12,0,853,469,270,8,69,0,11,15,7,9,0,55,431,269,7,69,0,1,13,7,9,0,585,490,95,1876.97823426097,186154.227887982
249,004902,1,110010049021,816,797,232,366,4,17,0,178,1,2,5,3,250,183,360,0,17,0,0,1,1,5,3,628,215,248,2,17,0,130,1,2,4,2,187,175,244,0,17,0,0,1,1,4,2,347,326,21,1184.22982330488,65739.8253954545
250,004902,2,110010049022,1874,1818,1098,446,7,149,6,112,20,7,21,3,218,1010,445,4,149,1,11,15,7,17,3,1726,1066,367,6,145,4,90,17,7,19,3,188,987,366,3,145,1,5,13,7,16,3,1183,1091,92,1755.79347304088,198119.09917185
251,005001,1,110010050011,784,765,615,101,1,33,0,15,6,0,12,0,60,570,100,1,33,0,7,4,0,10,0,735,578,91,1,33,0,15,6,0,10,0,56,537,90,1,33,0,7,4,0,8,0,428,405,23,1455.15021007268,104508.498894073
252,005001,2,110010050012,1171,1128,644,383,2,59,0,40,19,8,18,2,109,591,374,0,59,0,2,19,8,15,0,1067,617,338,2,54,0,27,16,8,11,0,84,571,329,0,54,0,1,16,8,10,0,575,547,28,1524.77411065569,100222.216494753
253,005002,1,110010050021,1820,1765,693,563,26,73,1,409,13,14,15,0,618,534,560,12,73,0,1,7,6,13,0,1588,661,492,22,68,1,296,12,12,13,0,471,527,489,12,68,0,1,7,6,11,0,1118,967,151,801.994881282792,39701.6432169605
254,005002,2,110010050022,1921,1830,1369,274,4,113,4,66,32,11,46,3,224,1240,263,3,113,4,3,26,9,43,3,1851,1347,250,4,110,4,58,25,11,36,3,208,1224,240,3,110,4,3,20,9,34,3,1337,1240,97,1412.88252922613,91607.6462565007
255,005002,3,110010050023,879,853,554,122,3,36,0,138,13,5,5,0,204,506,116,0,36,0,3,7,5,5,0,799,535,107,1,34,0,102,9,5,3,0,161,489,102,0,34,0,1,6,5,3,0,526,497,29,1257.4128515816,71022.9988579679
256,005002,4,110010050024,1401,1351,609,193,0,106,0,443,17,9,13,1,630,457,181,0,104,0,8,10,7,12,1,1242,585,188,0,93,0,334,15,9,11,0,500,453,177,0,91,0,3,9,7,10,0,872,771,101,746.685284361114,31154.9257345526
257,005201,1,110010052011,2083,2011,1377,284,14,170,16,150,26,21,27,3,336,1245,272,6,168,0,4,23,12,25,3,2035,1365,282,14,166,12,129,26,19,24,3,304,1237,271,6,164,0,4,23,12,22,3,1719,1590,129,1102.19643125482,55011.1170894875
258,005201,2,110010052012,1316,1268,1075,65,1,111,2,14,11,11,31,0,72,1023,63,1,110,2,1,10,8,31,0,1288,1054,64,1,108,2,13,11,11,29,0,68,1004,63,1,107,2,1,10,8,29,0,988,913,75,1957.20973556204,135086.167890035
259,005201,3,110010052013,903,874,708,73,2,67,0,24,13,5,10,0,95,640,70,2,66,0,4,13,5,9,0,870,685,68,2,67,0,22,10,5,10,0,93,619,65,2,66,0,2,10,5,9,0,678,631,47,969.926423907113,38395.3798163634
260,005201,4,110010052014,1775,1725,1238,353,3,94,1,36,15,10,31,5,109,1171,352,0,94,1,9,12,7,26,5,1618,1201,258,3,88,1,33,9,10,19,4,97,1139,257,0,88,1,9,6,7,18,4,1163,1066,97,1437.67363949439,111183.798419977
261,005301,1,110010053011,976,950,823,44,1,54,0,28,8,5,15,0,69,791,41,0,52,0,0,7,4,14,0,939,797,43,0,54,0,22,8,5,12,0,61,766,40,0,52,0,0,7,4,11,0,684,660,24,968.006845044089,49299.4873488892
262,005301,2,110010053012,1192,1152,1004,41,3,89,1,14,7,3,29,0,70,953,41,2,89,0,1,6,2,28,0,1158,980,39,3,86,1,14,7,2,25,0,70,929,39,2,86,0,1,6,1,24,0,927,821,106,1443.71629547786,87445.1623438867
263,005301,3,110010053013,1332,1291,1034,56,3,168,2,28,10,6,25,0,143,932,53,1,167,1,6,6,3,23,0,1315,1026,50,3,167,2,28,9,6,24,0,138,927,49,1,166,1,6,5,3,22,0,1149,1062,87,1511.35404152953,81301.1475262681
264,005301,4,110010053014,1551,1509,1260,38,10,144,1,56,12,10,27,4,150,1171,36,4,143,1,9,10,10,27,4,1508,1236,37,10,135,1,52,10,9,23,4,144,1148,35,4,134,1,9,9,9,23,4,1130,1065,65,1163.94767080467,68323.2905607948
265,005500,1,110010055001,1234,1193,798,292,10,75,0,18,18,8,16,1,76,748,286,7,75,0,7,16,9,15,1,1197,777,285,9,70,0,17,17,9,15,1,74,727,279,7,70,0,6,16,9,15,1,678,632,46,1861.99184193698,155029.418061699
266,005500,2,110010055002,2165,2094,1774,65,2,227,0,26,18,9,46,5,158,1640,62,1,226,0,11,17,9,44,5,2097,1725,60,2,223,0,22,16,9,40,5,153,1594,58,1,222,0,7,15,9,39,5,1769,1425,344,2363.3487648503,222665.240215822
267,005500,3,110010055003,1376,1339,1152,44,5,125,0,13,10,10,19,3,100,1070,42,4,125,0,2,9,8,19,3,1342,1123,43,5,122,0,13,10,10,18,3,94,1047,41,4,122,0,2,9,8,18,3,1257,964,293,1896.36422166936,164305.58435139
268,005500,4,110010055004,1097,1064,786,194,0,69,0,15,10,0,20,0,94,714,191,0,69,0,2,9,0,20,0,1062,763,192,0,66,0,15,8,0,16,0,91,692,189,0,66,0,2,7,0,16,0,654,580,74,907.335342144179,49845.652416925
269,005500,5,110010055005,799,764,625,33,1,94,1,10,7,10,20,1,65,580,32,1,91,1,2,7,4,19,1,778,612,31,1,93,1,9,6,8,19,1,62,568,30,1,90,1,1,6,4,18,1,625,584,41,882.487307383169,45637.2637639002
270,005600,1,110010056001,1521,1472,1182,63,2,195,0,30,15,5,26,1,120,1104,58,2,194,0,6,12,4,23,1,1495,1162,63,2,194,0,30,14,5,22,1,118,1086,58,2,193,0,6,11,4,19,1,1241,1053,188,1814.66762987673,96829.8219869352
271,005600,2,110010056002,2007,1949,1629,155,1,155,0,9,27,8,39,2,97,1541,152,1,155,0,5,27,8,38,2,1971,1609,154,1,150,0,9,23,8,29,2,93,1525,151,1,150,0,5,23,8,28,2,1246,1018,228,3686.13377603529,229303.951078471
272,008802,3,110010088023,1221,1192,151,989,14,21,0,17,22,8,7,0,48,143,977,9,21,0,0,19,6,6,0,981,144,774,9,19,0,14,15,7,6,0,35,136,770,4,19,0,0,13,5,6,0,533,483,50,1749.72915934223,180728.481441069
273,008802,4,110010088024,1236,1206,81,1091,6,10,4,14,20,18,1,0,71,57,1072,4,10,4,1,16,9,1,0,953,61,849,6,9,1,9,11,10,1,0,49,42,837,4,9,1,1,9,4,1,0,563,478,85,1330.27709557603,92834.1866846628
274,008803,1,110010088031,2037,1958,694,1143,9,54,5,53,43,21,29,6,167,621,1117,8,52,5,3,33,16,27,5,1709,673,860,9,49,5,45,32,22,28,6,146,603,842,8,47,5,3,24,16,27,5,612,442,170,5287.29962921807,1151642.20512901
275,008804,1,110010088041,946,936,46,833,3,2,0,52,9,2,1,0,79,30,824,3,2,0,0,8,2,1,0,740,41,653,2,2,0,34,7,2,1,0,55,30,645,2,2,0,0,6,2,1,0,501,394,107,1723.04694316422,97697.684411853
276,008804,2,110010088042,1466,1439,60,1350,4,1,0,24,22,10,11,0,51,38,1343,4,1,0,2,22,10,11,0,1143,46,1053,4,1,0,19,15,9,7,0,32,35,1049,4,1,0,2,15,9,7,0,895,702,193,3870.08998114405,689437.767452296
277,008903,1,110010089031,1576,1555,35,1480,3,5,0,32,21,8,4,0,49,27,1476,2,5,0,2,15,6,4,0,1248,27,1172,3,5,0,25,16,6,2,0,36,22,1169,2,5,0,2,12,5,2,0,871,724,147,2203.4071095308,218590.093084952
278,008903,2,110010089032,1057,1036,13,1013,1,2,0,7,17,12,1,1,18,10,1005,1,2,0,3,16,12,1,1,744,12,712,1,2,0,4,9,5,0,1,13,9,708,1,2,0,1,8,5,0,1,528,426,102,1501.21042120121,80892.8578659791
279,008904,1,110010089041,2311,2258,11,2216,6,4,0,21,52,24,11,2,42,11,2205,6,4,0,0,42,22,8,1,1800,10,1732,6,3,0,15,33,15,6,1,31,10,1721,6,3,0,0,28,14,5,1,1230,1090,140,2273.56105766935,282169.01240533
280,008904,2,110010089042,998,991,22,954,2,6,1,6,7,6,0,0,19,16,949,2,6,0,0,6,5,0,0,769,22,729,2,5,1,5,5,4,0,0,15,16,727,2,5,0,0,4,3,0,0,558,449,109,2215.49906042578,174344.562074219
281,009000,1,110010090001,1194,1162,51,1066,4,32,0,9,28,6,13,1,39,44,1052,4,32,0,0,22,6,12,1,1057,46,955,4,22,0,6,21,6,8,1,29,39,946,4,22,0,0,17,6,7,1,790,763,27,5441.68395248928,1214634.70428269
282,009000,2,110010090002,1538,1486,62,1365,2,36,0,21,46,25,6,0,37,56,1360,1,36,0,3,42,25,4,0,1373,58,1215,2,36,0,16,41,24,5,0,28,56,1210,1,36,0,2,37,24,4,0,856,790,66,2403.18005577665,241098.664376651
283,007601,2,110010076012,665,661,26,631,2,2,0,0,4,3,0,0,2,25,630,2,2,0,0,4,3,0,0,551,26,517,2,2,0,0,4,3,0,0,2,25,516,2,2,0,0,4,3,0,0,271,259,12,1695.87117250037,160696.056562449
284,007601,3,110010076013,1367,1341,65,1260,2,11,0,3,21,12,7,1,17,57,1251,2,11,0,3,21,12,7,1,1071,62,981,2,8,0,1,12,10,3,1,14,55,974,2,8,0,1,12,10,3,1,717,598,119,1681.24994861992,170668.579543928
285,007601,4,110010076014,858,848,4,842,0,2,0,0,9,2,0,1,4,3,840,0,2,0,0,9,2,0,1,683,4,669,0,2,0,0,7,2,0,1,4,3,667,0,2,0,0,7,2,0,1,523,406,117,1540.07028908949,122949.260048558
286,007601,5,110010076015,820,808,17,785,1,3,0,2,12,6,4,0,24,15,768,0,3,0,1,9,4,3,0,628,17,595,1,3,0,2,10,5,4,0,18,15,582,0,3,0,1,9,4,3,0,359,320,39,4215.72272469716,693624.701711005
287,007603,1,110010076031,1403,1381,47,1300,14,12,1,7,22,14,3,1,25,44,1286,14,12,0,1,21,13,3,1,1163,44,1076,11,8,1,7,16,10,3,1,24,41,1063,11,8,0,1,15,9,3,1,901,800,101,2059.31356951999,211171.18203789
288,007603,2,110010076032,673,647,42,597,6,2,0,0,26,12,0,1,5,42,592,6,2,0,0,26,12,0,1,540,36,477,3,2,0,0,22,10,0,1,3,36,474,3,2,0,0,22,10,0,1,356,315,41,2366.06884778384,326874.185517708
289,007603,3,110010076033,715,705,50,643,4,1,0,7,6,3,0,1,18,50,640,1,1,0,0,4,3,0,0,594,44,534,3,1,0,4,4,1,0,1,13,44,532,1,1,0,0,2,1,0,0,331,313,18,2646.91617113777,385910.253520959
290,007603,4,110010076034,1253,1228,105,1105,2,4,0,12,22,10,1,0,41,88,1095,2,4,0,0,21,10,1,0,1034,97,903,2,4,0,9,17,6,1,0,32,84,895,2,4,0,0,16,6,1,0,740,693,47,2255.16612127472,302573.404812219
291,007604,1,110010076041,1058,1041,24,1013,3,1,0,0,17,8,1,0,14,20,1004,3,1,0,0,16,8,1,0,860,24,817,3,1,0,0,15,7,1,0,12,20,810,3,1,0,0,14,7,1,0,626,564,62,2074.93510105871,167429.105695167
292,007604,2,110010076042,1541,1524,89,1417,2,4,1,11,13,8,4,0,18,82,1413,2,4,1,4,13,8,4,0,1270,77,1166,2,4,1,8,10,6,3,0,12,72,1164,2,4,1,3,10,6,3,0,710,684,26,5181.04560453115,818096.638011193
293,007604,3,110010076043,1045,1029,35,981,5,5,0,3,15,6,4,0,27,25,970,4,5,0,0,14,5,3,0,852,33,796,4,5,0,2,11,5,3,0,21,23,789,4,5,0,0,10,4,2,0,595,502,93,2601.51341478742,382946.033907593
294,007605,1,110010076051,776,772,10,758,2,2,0,0,4,3,0,1,3,10,755,2,2,0,0,4,3,0,1,630,10,613,1,2,0,0,4,3,0,1,3,10,610,1,2,0,0,4,3,0,1,333,303,30,1472.85807796325,130153.813177837
295,007605,2,110010076052,1985,1943,31,1885,7,7,0,13,37,18,5,0,31,21,1880,6,7,0,4,35,18,5,0,1621,27,1539,5,6,0,11,28,16,4,0,22,21,1535,5,6,0,3,28,16,4,0,1142,1018,124,2493.42202862228,239622.380793742
296,007605,3,110010076053,686,665,6,649,7,2,0,1,21,8,6,1,9,6,643,7,2,0,1,18,8,6,1,512,6,483,7,2,0,1,13,7,3,1,5,6,478,7,2,0,1,13,7,3,1,329,260,69,1279.76700238453,83972.3185697017
297,007703,1,110010077031,964,943,27,815,3,0,0,98,13,12,2,0,132,8,808,2,0,0,0,13,9,2,0,765,23,654,2,0,0,69,9,10,2,0,99,7,647,2,0,0,0,9,7,2,0,462,426,36,2981.07292758208,366523.119052896
298,007703,2,110010077032,1226,1210,8,1195,0,5,0,2,16,9,2,1,13,6,1187,0,5,0,0,15,9,2,1,908,7,888,0,3,0,2,8,6,0,1,11,6,880,0,3,0,0,8,6,0,1,519,481,38,3126.98328336487,303870.378808463
299,007703,3,110010077033,2403,2365,10,2336,7,0,1,11,36,25,2,0,34,9,2315,7,0,1,5,30,20,0,0,1539,9,1492,6,0,1,10,20,15,2,0,26,8,1478,6,0,1,4,15,10,0,0,1000,929,71,2353.02442158891,261536.347459833
300,007703,4,110010077034,594,587,8,578,0,0,0,1,7,1,1,1,7,6,576,0,0,0,0,5,1,1,1,453,5,442,0,0,0,1,5,1,1,1,4,3,441,0,0,0,0,5,1,1,1,357,267,90,1713.47062818057,79300.6083703978
301,007707,1,110010077071,2406,2375,16,2330,4,1,0,24,30,15,2,1,39,16,2317,4,1,0,3,25,15,2,1,1633,16,1575,3,1,0,15,22,12,1,0,24,16,1568,3,1,0,2,18,12,1,0,1062,927,135,3115.88642331243,376396.322761207
302,007707,2,110010077072,1461,1453,26,1410,8,0,0,9,7,4,0,0,25,26,1395,7,0,0,1,7,3,0,0,1208,22,1167,7,0,0,7,4,4,0,0,15,22,1160,6,0,0,1,4,3,0,0,659,628,31,2825.04836698881,466387.630225519
303,007708,1,110010077081,1244,1228,3,1216,1,0,2,6,16,7,2,0,18,3,1204,1,0,2,1,15,7,2,0,862,3,841,1,0,2,4,11,5,1,0,13,3,832,1,0,2,0,11,5,1,0,571,475,96,1579.36348201947,128920.302897027
304,007708,2,110010077082,1242,1210,8,1200,1,1,0,0,28,17,5,3,17,6,1191,1,1,0,0,26,16,4,2,975,6,941,1,1,0,0,23,13,5,3,11,6,935,1,1,0,0,21,12,4,2,691,609,82,4478.02384692919,727398.854935896
305,007709,1,110010077091,1239,1212,21,1172,5,3,0,11,25,12,1,0,31,16,1161,4,3,0,2,22,10,1,0,1010,18,957,4,3,0,9,17,11,0,0,20,16,950,3,3,0,2,16,9,0,0,747,639,108,4065.69019623083,772358.212813854
306,007709,2,110010077092,768,760,17,724,3,0,0,16,7,7,5,0,16,13,723,3,0,0,6,7,6,5,0,589,16,556,3,0,0,10,4,3,2,0,10,12,555,3,0,0,5,4,3,2,0,397,340,57,1757.93382832494,152232.849620996
307,007803,1,110010078031,743,730,5,702,7,1,0,15,11,8,1,3,22,5,695,7,1,0,0,11,8,1,3,561,5,528,4,1,0,10,11,8,1,3,15,5,523,4,1,0,0,11,8,1,3,393,347,46,3387.3629549909,481985.504765056
308,007803,2,110010078032,642,640,9,624,0,2,0,5,2,0,0,0,7,7,624,0,2,0,0,2,0,0,0,488,9,471,0,2,0,4,2,0,0,0,6,7,471,0,2,0,0,2,0,0,0,290,258,32,1524.22292027618,137964.580510579
309,007803,3,110010078033,622,613,2,607,0,1,0,3,8,7,0,1,14,0,598,0,1,0,1,8,7,0,0,499,2,486,0,1,0,2,7,6,0,1,10,0,480,0,1,0,1,7,6,0,0,265,243,22,1725.45867641523,181542.027160675
310,007803,4,110010078034,1286,1261,20,1193,8,4,0,36,19,5,9,1,60,10,1185,8,4,0,5,14,4,5,1,995,16,919,8,3,0,29,15,4,5,1,44,10,913,8,3,0,5,12,3,3,1,704,590,114,1992.81739825533,201150.370086553
311,007804,1,110010078041,1025,1000,4,979,1,0,0,16,21,8,7,1,21,4,975,1,0,0,0,21,8,7,1,809,3,778,1,0,0,9,14,6,4,1,13,3,775,1,0,0,0,14,6,4,1,353,307,46,3590.58772857462,274854.305239262
312,007804,2,110010078042,1633,1599,7,1561,0,2,0,29,33,27,9,2,32,6,1556,0,2,0,5,31,26,9,2,984,6,937,0,2,0,19,19,14,6,2,22,5,932,0,2,0,4,18,13,6,2,631,539,92,2423.64784838903,355635.94615089
313,007804,3,110010078043,788,767,13,749,3,2,0,0,18,9,3,2,16,8,746,3,2,0,0,11,8,3,2,639,10,608,3,2,0,0,14,7,2,2,7,8,608,3,2,0,0,10,6,2,2,394,366,28,2264.94800822569,217365.935783886
314,007806,1,110010078061,1327,1305,22,1262,10,3,0,8,21,17,0,6,44,11,1239,9,3,0,0,21,16,0,6,1025,17,979,7,3,0,6,12,10,0,1,29,11,964,6,3,0,0,12,9,0,1,607,536,71,2675.63342333136,296251.017654618
315,007806,2,110010078062,1020,1014,13,985,3,0,1,12,6,4,0,1,31,11,969,3,0,0,0,6,4,0,1,772,13,744,3,0,1,6,5,4,0,0,22,11,731,3,0,0,0,5,4,0,0,495,428,67,3063.39899236457,392632.449418296
316,007807,1,110010078071,1154,1141,9,1109,1,4,0,18,13,2,2,0,24,5,1105,1,4,0,4,11,2,2,0,847,6,819,1,4,0,9,8,2,0,0,12,5,818,1,4,0,1,6,2,0,0,493,444,49,2317.39193914051,242392.11484271
317,007807,2,110010078072,985,967,9,944,1,1,0,12,17,7,6,0,25,4,938,1,1,0,0,15,7,5,0,746,7,718,0,1,0,9,10,6,2,0,17,4,713,0,1,0,0,10,6,2,0,413,366,47,2611.36192804456,281360.704334086
318,007808,1,110010078081,1744,1723,9,1696,3,0,0,15,21,17,2,0,19,8,1692,3,0,0,6,16,13,1,0,1098,9,1064,2,0,0,10,13,9,1,0,11,8,1062,2,0,0,5,10,7,1,0,630,527,103,2315.66202452061,308400.245832894
319,007808,2,110010078082,1108,1094,15,1057,5,8,0,9,14,6,0,0,24,13,1047,4,8,0,5,7,5,0,0,884,11,845,5,4,0,8,11,6,0,0,19,9,837,4,4,0,5,6,5,0,0,617,540,77,2400.08953118576,376217.824140878
320,007808,3,110010078083,794,775,10,736,2,1,0,26,18,15,2,0,34,8,731,1,1,0,1,17,15,2,0,562,8,522,2,1,0,15,13,11,1,0,21,7,518,1,1,0,1,12,11,1,0,351,285,66,2156.07636489728,265732.769371724
321,007809,1,110010078091,1798,1766,27,1721,6,3,0,9,28,8,6,0,38,15,1713,2,3,0,1,26,6,6,0,1312,25,1255,6,2,0,7,14,8,1,0,31,15,1249,2,2,0,1,12,6,1,0,890,745,145,2143.96118665238,255886.816158534
322,007809,2,110010078092,1124,1109,31,1047,3,1,0,27,12,11,0,0,48,20,1040,3,1,0,0,12,10,0,0,817,26,756,2,1,0,19,10,9,0,0,34,18,752,2,1,0,0,10,8,0,0,449,390,59,2460.83814423001,279265.250730871
323,007901,1,110010079011,659,641,34,594,1,4,0,8,16,4,7,0,24,25,593,1,4,0,0,12,4,5,0,431,34,380,0,4,0,5,7,3,4,0,16,25,379,0,4,0,0,7,3,3,0,299,266,33,1262.36066432955,88671.6972036626
324,007901,2,110010079012,799,777,121,633,6,10,0,7,21,7,10,1,21,112,631,3,10,0,0,21,7,10,1,623,110,476,6,10,0,5,15,6,5,1,15,103,476,3,10,0,0,15,6,5,1,389,322,67,1228.89527654584,94899.2166071574
325,007901,3,110010079013,1284,1245,172,1037,8,7,0,21,38,15,2,1,52,147,1033,7,7,0,6,31,14,2,1,948,152,745,6,7,0,16,22,11,0,1,32,137,742,6,7,0,5,19,10,0,1,569,503,66,1230.85796418245,92635.4651946041
326,007901,4,110010079014,1080,1067,70,988,1,3,0,5,10,6,2,1,18,65,983,0,3,0,1,9,5,1,0,769,66,686,1,3,0,4,6,4,2,1,13,62,683,0,3,0,1,6,4,1,0,527,449,78,1463.90330915713,122065.719437235
327,007903,1,110010079031,1774,1749,156,1536,6,10,0,41,22,14,3,1,95,120,1518,6,9,0,4,22,12,3,1,1407,136,1205,5,10,0,31,17,11,2,1,70,112,1192,5,9,0,2,17,9,2,1,880,778,102,2170.94540046585,242584.352928883
328,008001,1,110010080011,681,666,294,341,3,13,1,14,11,2,8,3,32,281,337,3,12,1,0,11,2,8,3,604,272,294,3,13,1,8,9,2,8,1,26,259,290,3,12,1,0,9,2,8,1,337,299,38,1556.65993958694,86576.5034798104
329,008001,2,110010080012,1424,1377,690,625,5,32,0,25,30,15,11,1,70,664,619,2,31,0,2,22,13,9,1,1224,611,524,5,30,0,20,22,13,6,1,60,587,520,2,29,0,1,16,11,4,1,736,684,52,1712.33904397684,162056.660385304
330,008001,3,110010080013,679,658,337,281,2,20,0,18,10,4,7,3,36,319,279,2,19,0,7,9,1,7,3,569,285,240,2,15,0,12,8,4,2,2,25,273,239,2,14,0,4,7,1,2,2,318,303,15,1421.95768717983,76859.1987478031
331,008002,1,110010080021,1177,1151,529,576,0,35,0,11,16,5,8,0,29,514,575,0,35,0,0,16,5,8,0,1051,485,510,0,31,0,8,9,4,5,0,24,472,509,0,31,0,0,9,4,5,0,674,605,69,2682.66988215443,273480.561386314
332,008002,2,110010080022,1854,1795,1133,582,6,39,3,32,27,9,23,3,85,1088,577,4,38,3,8,24,8,22,0,1563,965,504,6,34,1,25,10,6,11,2,67,928,502,4,33,1,6,8,5,10,0,970,872,98,3421.9360949738,304615.454246895
333,008100,1,110010081001,751,728,529,169,5,19,1,5,8,3,14,0,30,508,165,4,19,1,3,6,2,14,0,672,483,145,5,18,1,3,5,3,11,0,26,464,143,4,18,1,1,3,2,11,0,427,392,35,1226.93313018705,72933.5539181465
334,008100,2,110010081002,1261,1213,959,188,4,35,0,27,23,15,22,0,71,924,185,4,34,0,0,23,14,22,0,1085,840,160,4,28,0,17,17,15,17,0,51,811,159,4,27,0,0,17,14,17,0,636,602,34,1433.13660223256,126008.709483971
335,008100,3,110010081003,898,882,788,65,2,21,0,6,2,1,11,1,32,763,63,2,21,0,1,2,1,11,1,794,704,61,2,16,0,6,1,1,1,1,29,682,59,2,16,0,1,1,1,1,1,486,458,28,1308.02078408505,93314.1083306192
336,008200,1,110010082001,807,776,703,33,3,26,0,11,4,7,20,0,31,687,31,3,26,0,0,4,5,20,0,737,655,31,3,23,0,10,2,3,8,0,28,640,29,3,23,0,0,2,2,8,0,479,455,24,1217.2953702336,88125.7320459087
337,008200,2,110010082002,2111,2067,1812,123,9,90,1,32,11,7,30,2,103,1756,121,6,87,1,2,7,6,25,2,1937,1673,115,9,83,1,27,10,8,15,2,91,1620,113,6,80,1,2,7,6,15,2,1176,1067,109,2548.45282810246,251993.291930774
338,008301,1,110010083011,1140,1102,766,272,2,41,1,20,11,6,26,1,47,746,267,2,40,1,2,11,4,26,1,1019,710,233,2,33,1,17,6,5,15,1,42,690,230,2,32,1,1,6,4,15,1,585,539,46,1521.41265767778,139911.418312719
339,008301,2,110010083012,1139,1123,977,111,3,26,0,6,10,1,5,0,33,957,106,3,26,0,0,8,1,5,0,1020,875,98,2,26,0,6,8,1,4,0,29,856,94,2,26,0,0,8,1,4,0,569,533,36,1725.41367299625,164033.888584069
340,008302,1,110010083021,2206,2141,1553,490,12,66,2,18,20,12,36,2,94,1487,487,10,64,2,9,18,8,31,2,1940,1367,448,11,60,2,9,15,12,18,2,62,1322,447,9,58,2,4,15,8,17,2,1032,966,66,2372.70017822771,260868.12305757
341,008402,1,110010084021,912,887,520,335,4,20,1,7,12,12,2,2,37,494,330,2,20,1,4,11,12,2,2,803,459,292,4,20,1,7,9,10,2,1,29,439,288,2,20,1,4,9,10,2,1,517,471,46,1868.00209657397,133613.737543692
342,008402,2,110010084022,1237,1194,636,511,3,31,3,10,22,9,18,4,62,601,500,3,29,3,1,21,8,17,2,1117,577,464,2,29,3,7,15,8,15,4,47,551,453,2,29,3,1,15,7,15,2,753,703,50,1538.26790093264,134723.431117358
343,008410,1,110010084101,1489,1463,451,958,4,24,3,23,16,10,3,1,71,421,942,4,22,3,4,16,8,3,1,1232,414,754,4,24,3,14,10,10,2,1,57,385,744,4,22,3,2,10,8,2,1,681,604,77,2326.09533684968,220126.527661906
344,008701,1,110010087011,1293,1271,255,954,3,35,2,22,16,6,9,0,66,239,934,2,35,2,1,11,2,9,0,1087,234,788,3,26,2,20,11,6,4,0,56,218,774,2,26,2,1,6,2,4,0,519,460,59,2166.63906866076,267184.382779584
345,008701,2,110010087012,1114,1089,129,934,1,3,1,21,18,9,7,0,48,117,922,1,3,0,2,17,8,7,0,891,123,725,1,3,1,19,14,6,6,0,40,114,717,1,3,0,1,13,5,6,0,453,413,40,1493.79246963752,117284.034975277
346,008702,1,110010087021,1055,1034,105,887,2,14,0,26,21,8,4,0,68,87,875,2,11,0,1,11,5,4,0,868,94,727,2,14,0,15,16,7,3,0,43,84,719,2,11,0,0,9,4,3,0,558,457,101,2103.32730896459,226177.114962413
347,008702,2,110010087022,544,523,116,393,4,2,1,7,18,5,2,2,35,95,390,4,2,1,0,16,4,2,2,457,101,328,4,2,1,5,14,4,2,0,29,83,325,4,2,1,0,12,4,2,0,344,256,88,2331.37668203041,248210.840797137
348,008802,1,110010088021,669,658,30,620,5,1,0,2,9,4,0,4,22,24,609,2,1,0,0,9,4,0,4,523,26,480,3,1,0,2,9,4,0,4,17,21,472,1,1,0,0,9,4,0,4,344,280,64,1150.78253927501,68363.6764335469
349,008802,2,110010088022,993,974,46,907,4,3,0,14,17,6,7,2,31,44,897,1,3,0,0,17,5,5,2,844,43,770,4,3,0,12,10,6,3,2,28,41,761,1,3,0,0,10,5,1,2,559,505,54,1428.93219156435,129814.736696134
350,009508,2,110010095082,1392,1377,49,1276,2,9,0,41,14,7,5,0,66,34,1267,1,9,0,3,12,6,5,0,1157,46,1062,2,9,0,27,10,7,1,0,48,32,1056,1,9,0,3,8,6,1,0,605,578,27,2190.34379005901,249797.213569639
351,009508,3,110010095083,828,818,35,753,2,0,0,28,9,3,3,2,58,17,742,2,0,0,0,9,3,3,1,681,32,616,2,0,0,23,7,3,3,2,46,17,609,2,0,0,0,7,3,3,1,442,384,58,2725.15031109891,229369.656935435
352,009509,1,110010095091,1040,1026,37,934,5,1,0,49,11,3,0,3,76,23,920,2,1,0,11,7,1,0,3,841,31,762,4,1,0,30,11,3,0,3,52,20,756,2,1,0,3,7,1,0,3,426,412,14,2063.59925679024,178384.939229283
353,009509,2,110010095092,1001,981,67,894,0,11,0,9,19,1,8,0,36,47,893,0,11,0,0,13,1,2,0,831,55,748,0,11,0,7,9,1,5,0,25,41,747,0,11,0,0,6,1,2,0,462,446,16,2117.85903329899,212641.679898622
354,009509,3,110010095093,899,881,61,764,0,21,0,35,18,3,6,0,57,54,752,0,21,0,2,13,2,6,0,728,56,616,0,18,0,29,9,2,5,0,39,51,611,0,18,0,2,7,2,5,0,432,400,32,2232.53991905305,254665.360342292
355,009601,1,110010096011,2445,2420,27,2359,3,5,3,23,24,7,2,4,36,16,2357,3,5,3,0,24,7,2,4,1598,23,1534,3,2,2,18,15,6,2,4,27,16,1532,3,2,2,0,15,6,2,4,847,786,61,6716.54976156894,2083524.73269691
356,009602,1,110010096021,1760,1715,22,1677,8,2,0,6,43,22,1,0,23,18,1668,5,2,0,1,41,22,1,0,1227,15,1172,4,2,0,4,28,16,0,0,12,13,1166,3,2,0,1,28,16,0,0,837,751,86,3552.15822223849,467898.432086233
357,009901,2,110010099012,1532,1506,73,1417,12,0,0,4,19,6,4,3,30,55,1409,12,0,0,1,18,5,4,3,1279,66,1181,7,0,0,4,16,6,4,3,23,52,1176,7,0,0,1,15,5,4,3,721,682,39,5611.56719572371,1842003.70850179
358,009902,1,110010099021,1123,1112,15,1077,5,1,0,14,8,5,2,0,22,14,1067,5,1,0,3,8,5,2,0,857,14,817,4,1,0,10,8,5,2,0,17,13,809,4,1,0,2,8,5,2,0,489,447,42,5817.71345928549,1011576.97649262
359,009902,2,110010099022,1782,1760,12,1736,7,2,0,3,22,7,6,0,22,10,1722,6,2,0,1,19,7,6,0,1416,11,1382,6,2,0,3,12,6,2,0,13,9,1373,6,2,0,1,12,6,2,0,803,728,75,2120.09785802771,282896.478103353
360,009903,1,110010099031,976,950,13,920,2,2,0,13,24,11,5,0,25,12,910,1,2,0,3,22,10,5,0,678,11,643,2,0,0,6,14,7,4,0,14,10,638,1,0,0,2,12,6,4,0,377,322,55,1805.64254015356,163760.839066064
361,009903,2,110010099032,875,859,4,854,1,0,0,0,16,12,0,0,5,4,850,1,0,0,0,15,12,0,0,680,4,663,1,0,0,0,12,8,0,0,5,4,659,1,0,0,0,11,8,0,0,345,322,23,2262.40719442543,212065.328648317
362,009904,1,110010099041,762,760,43,642,2,1,0,72,2,1,1,0,115,14,628,2,1,0,0,2,1,1,0,575,28,498,2,1,0,45,1,0,0,0,72,11,488,2,1,0,0,1,0,0,0,403,312,91,2345.22907555337,212159.588396404
363,009602,2,110010096022,1520,1505,2,1489,1,1,0,12,15,4,2,0,17,2,1488,1,1,0,0,11,4,2,0,1060,2,1034,1,1,0,9,13,4,2,0,13,2,1033,1,1,0,0,10,4,2,0,708,694,14,5003.37722841125,912102.271865593
364,009603,1,110010096031,1634,1591,19,1550,2,7,1,12,31,19,10,2,29,12,1546,2,7,1,2,29,18,10,2,1260,17,1197,0,5,1,7,24,15,8,2,19,12,1193,0,5,1,1,23,14,8,2,838,765,73,2275.28556233043,262189.473411823
365,009603,2,110010096032,723,710,0,693,5,0,0,12,13,9,2,0,14,0,690,5,0,0,1,13,9,2,0,547,0,530,3,0,0,8,6,3,2,0,7,0,530,3,0,0,1,6,3,2,0,298,275,23,1926.23730993722,195877.269299702
366,009603,3,110010096033,1016,1004,6,993,3,0,0,2,9,7,5,2,19,5,984,2,0,0,0,5,5,1,0,839,5,818,3,0,0,2,8,6,5,2,13,5,813,2,0,0,0,5,5,1,0,614,548,66,2000.74897570143,181182.179712223
367,009604,1,110010096041,1179,1159,16,1130,1,0,0,12,18,9,1,3,24,10,1127,1,0,0,0,15,9,1,3,963,16,923,1,0,0,6,15,9,1,3,16,10,921,1,0,0,0,13,9,1,3,642,599,43,3158.14128251422,343072.368378996
368,009604,2,110010096042,783,766,15,735,3,1,0,12,9,4,4,5,31,12,732,0,1,0,0,6,3,3,0,629,12,591,1,1,0,10,7,4,3,5,23,11,588,0,1,0,0,5,3,2,0,356,328,28,2269.81834870972,205459.826546365
369,009700,1,110010097001,2411,2381,15,2347,6,1,5,7,28,15,3,2,29,9,2336,6,0,5,0,26,14,3,2,1694,11,1649,5,1,1,4,21,13,1,1,19,9,1641,5,0,1,0,19,12,1,1,1011,902,109,2543.84231764556,320585.811666228
370,009700,2,110010097002,766,760,5,751,0,3,0,1,6,2,0,1,3,4,750,0,3,0,0,6,2,0,1,562,5,547,0,3,0,1,6,2,0,1,3,4,546,0,3,0,0,6,2,0,1,296,277,19,1326.85854513007,89421.094855587
371,009801,1,110010098011,1575,1554,16,1526,3,5,0,4,21,7,1,0,26,11,1512,3,5,0,2,16,7,1,0,1100,15,1058,3,5,0,4,15,6,1,0,14,10,1053,3,5,0,2,13,6,1,0,766,677,89,3275.82203079384,448549.968715113
372,009802,1,110010098021,819,816,1,814,1,0,0,0,3,2,0,0,7,1,807,1,0,0,0,3,2,0,0,478,1,474,1,0,0,0,2,2,0,0,1,1,473,1,0,0,0,2,2,0,0,321,270,51,1852.10835086344,86551.7761506607
373,009802,2,110010098022,874,862,10,851,0,0,0,1,9,1,1,2,20,9,836,0,0,0,1,8,1,1,2,658,9,637,0,0,0,1,8,1,1,2,12,8,630,0,0,0,1,7,1,1,2,527,407,120,1634.32314376981,114173.388865873
374,009803,1,110010098031,1001,992,2,990,0,0,0,0,9,6,2,0,7,1,984,0,0,0,0,9,6,2,0,649,2,642,0,0,0,0,5,3,1,0,6,1,637,0,0,0,0,5,3,1,0,394,363,31,1933.87247121701,213620.59607668
375,009803,2,110010098032,699,690,6,675,3,2,0,4,6,3,2,2,13,4,669,3,2,0,0,5,3,2,2,536,6,515,3,2,0,4,5,3,0,0,13,4,509,3,2,0,0,4,3,0,0,412,304,108,1881.92446102269,139744.536892094
376,009803,3,110010098033,1058,1037,15,1019,2,1,0,0,20,7,6,2,10,15,1014,2,1,0,0,15,5,6,2,815,14,786,2,0,0,0,12,5,4,2,2,14,785,2,0,0,0,11,4,4,2,610,534,76,2146.66482739615,177636.053301249
377,009804,1,110010098041,1680,1654,33,1599,5,4,0,13,24,9,1,1,39,13,1594,5,4,0,3,22,8,1,1,1197,21,1143,4,4,0,11,12,3,0,1,27,10,1139,4,4,0,2,11,3,0,1,701,652,49,2956.65559873054,352642.568670044
378,009804,2,110010098042,793,781,9,770,0,0,0,2,8,4,3,1,17,1,767,0,0,0,0,8,4,0,0,581,7,563,0,0,0,2,7,4,2,0,12,1,561,0,0,0,0,7,4,0,0,370,303,67,2530.38420929442,165655.94385775
379,009807,1,110010098071,693,684,16,654,0,10,0,4,9,7,0,0,10,16,648,0,10,0,0,9,7,0,0,544,14,511,0,9,0,4,6,5,0,0,9,14,506,0,9,0,0,6,5,0,0,315,291,24,3489.91511668667,529978.68222358
380,009807,2,110010098072,2379,2338,40,2283,4,3,0,8,39,17,3,0,48,22,2264,3,3,0,1,37,17,3,0,1852,32,1793,4,3,0,7,12,7,1,0,33,22,1777,3,3,0,1,12,7,1,0,1236,1059,177,3266.77139089738,508553.014881357
381,009810,1,110010098101,1510,1492,6,1480,1,0,0,5,18,8,6,0,10,6,1472,1,0,0,5,16,8,4,0,949,4,928,1,0,0,3,13,7,6,0,7,4,923,1,0,0,3,11,7,4,0,628,609,19,2617.20613680523,298914.101090731
382,009810,2,110010098102,997,991,9,976,2,1,0,3,5,4,2,0,12,9,967,2,1,0,1,5,4,2,0,785,9,764,2,1,0,3,5,4,2,0,10,9,757,2,1,0,1,5,4,2,0,543,494,49,1807.56535718619,113528.425046055
383,009811,1,110010098111,2124,2086,6,2064,5,1,0,10,32,16,22,0,24,4,2051,3,1,0,6,31,13,21,0,1382,6,1343,3,1,0,6,18,12,13,0,15,4,1337,2,1,0,3,17,9,12,0,893,856,37,2651.23967453094,235610.131825864
384,009811,2,110010098112,2241,2207,7,2182,7,3,0,8,33,13,7,2,13,7,2177,7,3,0,6,27,11,5,1,1563,5,1521,6,3,0,8,19,10,2,2,10,5,1516,6,3,0,6,16,9,1,1,1086,963,123,2362.76115621465,231332.335490576
385,009901,1,110010099011,717,706,21,677,3,3,0,2,11,5,2,1,9,19,672,3,3,0,0,11,5,2,1,597,18,564,3,3,0,2,7,5,2,1,7,16,561,3,3,0,0,7,5,2,1,349,325,24,2306.51596951643,259951.666298172
386,009102,1,110010091021,894,865,43,785,6,3,0,28,18,9,0,0,53,39,779,3,3,0,3,13,9,0,0,715,42,625,5,2,0,24,10,7,0,0,38,39,622,3,2,0,1,9,7,0,0,410,376,34,2311.9129529928,251166.399563662
387,009102,2,110010091022,1901,1878,58,1749,3,8,0,60,14,3,3,2,90,44,1736,3,8,0,7,11,3,3,2,1368,51,1248,2,8,0,43,9,3,2,2,61,42,1240,2,8,0,5,8,3,2,2,843,734,109,5993.33875244901,1435554.81647522
388,009102,3,110010091023,1332,1313,16,1286,2,2,0,7,19,8,6,1,30,12,1269,2,2,0,1,16,7,6,1,956,14,922,2,2,0,5,11,5,2,1,14,11,916,2,2,0,1,10,5,2,1,601,552,49,1876.4207551877,148544.334140302
389,009201,1,110010092011,1976,1905,737,1019,4,51,1,93,41,18,21,5,185,666,1006,3,50,1,13,37,14,18,5,1758,718,862,3,48,1,66,33,14,19,4,151,658,849,2,47,1,7,29,10,16,4,619,570,49,3334.44680362479,640770.875124095
390,009203,1,110010092031,921,900,65,822,2,8,0,3,19,2,1,3,42,51,815,2,3,0,0,7,2,1,3,708,62,625,2,5,0,2,10,1,0,3,28,50,620,2,3,0,0,4,1,0,3,357,328,29,2731.11392280952,366671.289043777
391,009203,2,110010092032,1661,1619,215,1295,5,32,2,70,38,20,4,1,125,196,1264,3,31,2,8,29,18,4,1,1401,198,1084,5,28,2,46,34,17,4,1,89,184,1063,3,27,2,4,26,15,4,1,902,737,165,2495.70795838962,220613.200497888
392,009204,1,110010092041,853,841,134,655,2,5,0,45,10,5,5,0,79,108,648,2,5,0,1,9,5,5,0,716,127,544,2,5,0,27,9,4,5,0,56,105,539,2,5,0,0,8,4,5,0,457,421,36,1803.70620877012,123455.21951921
393,009204,2,110010092042,1704,1662,36,1407,23,9,0,187,26,25,0,1,239,22,1396,6,9,0,3,23,21,0,1,1312,32,1094,22,9,0,125,21,19,0,1,160,21,1089,6,9,0,3,18,18,0,1,912,871,41,1875.93359952321,179590.927825039
394,009301,1,110010093011,730,705,175,511,1,9,0,9,17,5,6,0,47,154,503,0,9,0,1,9,5,6,0,611,151,425,1,7,0,8,12,5,6,0,36,133,418,0,7,0,1,9,5,6,0,296,281,15,1934.67863794147,229833.651246239
395,009301,2,110010093012,1061,1036,375,621,6,17,0,17,17,9,4,0,77,331,614,6,17,0,0,12,7,4,0,886,332,502,6,17,0,12,9,9,4,0,62,292,497,6,17,0,0,8,7,4,0,390,363,27,2515.429486542,368854.457850749
396,009301,3,110010093013,710,681,169,469,4,22,0,17,18,10,6,1,66,136,462,4,18,0,0,18,10,6,1,582,148,377,3,22,0,11,14,9,4,1,51,121,371,3,18,0,0,14,9,4,1,302,282,20,2512.13801452463,300241.895181136
397,009301,4,110010093014,642,609,260,314,3,23,0,9,23,8,8,0,31,245,312,3,23,0,2,17,8,7,0,538,235,251,3,20,0,8,15,8,4,0,26,222,249,3,20,0,2,11,8,3,0,242,236,6,1835.64505225065,202353.4766926
398,009302,1,110010093021,1189,1142,221,835,11,20,0,55,37,19,5,4,125,178,821,4,20,0,0,34,18,5,4,958,198,664,7,14,0,42,26,17,2,4,97,162,654,3,14,0,0,24,16,2,4,545,460,85,2780.13650504941,403314.549015264
399,009400,1,110010094001,652,639,48,572,2,8,0,9,12,7,2,0,22,45,561,1,8,0,4,11,7,2,0,540,40,477,1,7,0,7,7,5,0,0,13,37,472,1,7,0,4,6,5,0,0,298,278,20,3235.71929072101,432727.924269775
400,009400,2,110010094002,1407,1359,134,1175,5,10,0,35,33,15,6,0,88,108,1160,5,10,0,2,30,14,6,0,1129,113,949,5,5,0,23,26,12,2,0,57,97,937,5,5,0,2,23,12,2,0,582,536,46,3281.63380428823,452169.04716926
401,009400,3,110010094003,1367,1324,137,1095,7,20,0,65,33,20,3,0,110,105,1087,7,19,0,6,25,16,2,0,1115,120,894,7,20,0,44,22,17,3,0,79,94,889,7,19,0,4,17,13,2,0,562,517,45,3002.92465246326,478519.954775818
402,009400,4,110010094004,737,716,51,625,9,4,0,27,16,8,9,1,46,43,616,9,4,0,0,14,7,8,1,613,41,526,7,4,0,20,14,8,5,1,31,36,522,7,4,0,0,12,7,4,1,350,320,30,2286.3423186984,227097.709601602
403,009501,1,110010095011,2167,2073,180,1487,18,12,4,372,56,25,11,3,522,115,1462,3,12,4,3,42,23,10,3,1696,158,1184,11,10,2,261,39,21,9,2,371,109,1165,3,10,2,3,29,19,8,2,935,880,55,3713.92346287872,552247.082000179
404,009501,2,110010095012,650,626,51,514,3,3,3,52,14,5,4,4,95,32,505,3,1,0,1,12,3,3,4,576,42,467,3,3,3,38,11,4,4,3,68,32,460,3,1,0,1,10,2,3,3,446,411,35,1725.44573190143,154806.703160778
405,009501,3,110010095013,2980,2896,1897,826,15,93,3,62,29,19,43,8,214,1779,811,15,89,1,5,24,16,41,5,2827,1893,700,13,92,3,48,23,18,42,7,197,1775,686,13,88,1,5,20,15,40,4,573,511,62,4593.30063406237,887165.89021951
406,009503,1,110010095031,1502,1456,139,1287,2,15,0,13,41,23,6,0,42,115,1280,2,15,0,6,38,22,5,0,1249,126,1070,2,14,0,7,28,18,3,0,31,105,1064,2,14,0,5,27,17,2,0,662,633,29,3308.7530642478,670091.077570885
407,009503,2,110010095032,721,691,113,556,0,10,0,12,25,10,13,1,43,92,546,0,10,0,1,24,10,13,1,587,97,458,0,7,0,8,14,7,5,1,28,85,450,0,7,0,1,13,7,5,1,300,286,14,3197.50741736683,526098.605870447
408,009503,3,110010095033,687,663,180,458,2,16,0,7,18,17,3,3,28,170,450,1,16,0,0,17,16,3,3,597,161,389,2,15,0,7,17,17,3,3,24,152,384,1,15,0,0,16,16,3,3,294,281,13,2573.65760010409,227284.302648935
409,009504,1,110010095041,1488,1429,450,922,8,21,0,28,49,18,16,3,77,416,916,4,21,0,1,46,18,16,3,1260,400,779,5,20,0,18,31,12,11,1,55,374,773,3,20,0,1,28,12,11,1,842,760,82,2784.99564057794,471258.219222422
410,009504,2,110010095042,1537,1511,193,1282,2,19,0,15,17,9,8,2,43,176,1271,1,19,0,2,16,9,8,2,1343,179,1113,2,18,0,10,13,8,6,2,34,166,1103,1,18,0,1,12,8,6,2,512,494,18,3044.38244056425,554986.735766429
411,009505,1,110010095051,679,677,40,605,0,4,4,24,2,0,0,0,42,27,601,0,4,0,3,2,0,0,0,562,30,510,0,3,2,16,1,0,0,0,26,23,507,0,3,0,2,1,0,0,0,307,297,10,1761.46565247736,171837.842546254
412,009505,2,110010095052,831,798,52,704,0,13,0,29,24,13,8,4,54,44,699,0,13,0,0,20,10,5,0,707,45,606,0,12,0,22,16,10,1,1,42,37,601,0,12,0,0,14,9,0,0,390,365,25,3469.50798623736,475256.517427879
413,009505,3,110010095053,1120,1096,53,965,3,8,2,65,23,6,6,0,105,38,949,2,8,2,1,14,3,6,0,928,38,818,2,7,2,44,16,3,6,0,72,29,805,1,7,2,0,11,3,6,0,520,476,44,3157.06633712503,383513.141753753
414,009507,1,110010095071,1489,1460,53,1304,11,1,0,91,22,10,4,4,156,16,1292,2,1,0,1,21,9,4,4,1209,38,1075,10,1,0,64,15,10,4,1,110,14,1067,2,1,0,1,14,9,4,1,607,583,24,2483.11505524635,294663.464164052
415,009508,1,110010095081,1070,1045,173,792,7,21,0,52,15,14,3,0,111,131,784,3,20,0,0,15,13,3,0,947,149,716,3,18,0,40,13,12,3,0,77,121,711,2,17,0,0,13,11,3,0,695,616,79,4034.65375693121,459371.928997642
416,009904,2,110010099042,1481,1455,20,1413,6,6,0,10,24,13,3,0,47,8,1396,4,6,0,1,17,13,3,0,971,18,919,6,2,0,6,18,11,3,0,26,8,913,4,2,0,1,15,11,3,0,734,562,172,2507.08483048768,212623.253302175
417,009905,1,110010099051,1212,1178,11,1157,3,3,0,4,25,5,0,3,23,7,1149,3,3,0,1,22,4,0,3,860,9,829,3,3,0,2,11,4,0,3,11,6,826,3,3,0,0,10,3,0,3,564,474,90,1780.91196158224,185886.240678248
418,009905,2,110010099052,706,702,6,688,0,0,0,8,4,2,0,0,11,6,684,0,0,0,1,4,2,0,0,533,6,518,0,0,0,6,3,2,0,0,10,6,514,0,0,0,0,3,2,0,0,362,292,70,1969.53477070892,141548.409308147
419,009905,3,110010099053,877,849,7,831,4,0,2,5,28,18,0,1,18,7,823,4,0,2,0,23,18,0,1,619,7,586,3,0,2,4,17,12,0,0,8,7,583,3,0,2,0,16,12,0,0,404,338,66,1322.7540667757,103986.043877431
420,009906,1,110010099061,1296,1264,11,1241,3,3,0,6,28,15,3,0,31,8,1227,1,3,0,0,24,12,2,0,1001,11,956,2,3,0,6,19,12,2,0,23,8,948,1,3,0,0,16,10,2,0,756,592,164,2139.29731849347,247946.582283868
421,009907,1,110010099071,935,919,3,911,4,1,0,0,16,7,5,0,10,2,903,3,1,0,0,16,7,5,0,608,3,594,2,1,0,0,8,4,1,0,7,2,589,1,1,0,0,8,4,1,0,341,309,32,2080.15905089799,139631.077872886
422,009907,2,110010099072,1901,1870,10,1852,0,5,1,2,31,15,2,2,20,8,1843,0,5,1,0,24,15,2,2,1285,8,1253,0,3,1,2,18,9,2,0,14,6,1246,0,3,1,0,15,9,2,0,835,788,47,2651.73004045837,327274.557826147
423,010100,1,110010101001,1944,1890,1359,314,2,171,2,42,19,12,20,2,191,1228,305,2,166,2,5,16,11,17,1,1877,1330,293,2,167,2,35,16,10,19,2,172,1209,286,2,162,2,5,13,9,16,1,1527,1286,241,2780.87393062974,394220.896931422
424,010100,2,110010101002,677,650,313,79,2,217,0,39,6,10,13,0,107,249,76,2,216,0,9,2,5,13,0,652,309,77,2,206,0,32,5,9,13,0,96,248,74,2,205,0,9,2,5,13,0,540,508,32,2029.49073434641,185474.209500057
425,010200,1,110010102001,947,906,476,378,4,47,0,1,33,19,9,1,48,443,374,2,47,0,1,25,15,8,1,882,457,342,4,45,0,1,26,18,7,1,42,429,338,2,45,0,1,19,15,6,1,581,542,39,2596.36434750828,347212.681790966
426,010200,2,110010102002,1377,1302,656,540,4,71,1,30,45,18,19,0,90,614,526,3,71,1,7,39,15,19,0,1311,640,515,4,66,1,30,32,17,13,0,86,600,501,3,66,1,7,28,15,13,0,1073,923,150,5082.08945145632,1038927.9244338
427,010300,1,110010103001,943,907,343,477,10,27,1,49,24,9,14,2,99,308,469,8,26,1,2,22,9,14,2,824,323,400,10,26,1,41,17,7,7,2,89,288,392,8,25,1,1,16,7,7,2,298,261,37,3870.62392101618,586020.467624018
428,010300,2,110010103002,1137,1101,120,826,4,28,0,123,21,11,5,5,188,82,803,4,28,0,10,16,11,4,0,947,106,701,4,26,0,83,18,8,1,4,135,78,685,4,26,0,4,13,8,1,0,521,474,47,2404.81644756095,242882.794918116
429,010300,3,110010103003,1107,1049,262,612,22,12,2,139,23,17,8,2,240,216,600,5,12,2,2,23,5,7,1,906,226,522,17,10,2,92,18,14,5,2,160,193,512,5,10,2,2,18,5,4,1,487,438,49,2089.21215130777,256972.622110079
430,010400,1,110010104001,1324,1307,43,1258,2,2,0,2,17,14,1,1,24,26,1254,2,2,0,0,16,14,1,1,975,33,925,2,2,0,2,11,8,1,1,14,23,924,2,2,0,0,10,8,1,1,609,499,110,4504.11598100987,578345.264430537
431,010400,2,110010104002,3041,2974,86,2857,7,10,1,13,58,29,18,3,61,79,2828,5,10,1,0,51,27,16,2,2387,81,2232,5,8,1,11,44,25,8,3,50,75,2209,3,8,1,0,38,23,7,2,1219,1029,190,6549.58457949938,2134614.3302416
432,010500,1,110010105001,1967,1908,424,1372,7,75,0,30,34,14,24,6,98,382,1358,7,74,0,6,24,14,16,0,1584,407,1033,7,65,0,22,25,12,23,6,80,369,1024,7,64,0,6,16,11,15,0,1123,1030,93,2275.52510229853,332680.638524706
433,010500,2,110010105002,1443,1388,677,516,8,156,2,29,29,19,19,4,114,618,500,6,154,2,4,25,12,19,4,1362,667,468,7,146,2,28,22,16,15,4,110,608,453,6,144,2,4,19,9,15,4,1224,970,254,3188.65052833123,419925.986490109
434,010600,1,110010106001,876,844,314,484,1,35,0,10,21,21,6,0,24,306,479,1,35,0,0,21,21,6,0,733,297,377,1,33,0,4,13,15,4,0,15,290,373,1,33,0,0,13,15,4,0,388,341,47,1406.19338249134,77971.5523998668
435,010600,2,110010106002,2350,2283,1092,1051,14,86,0,40,37,17,26,3,128,1034,1038,2,84,0,8,33,12,24,2,2050,1011,853,13,79,0,36,30,16,24,2,106,965,842,2,78,0,8,28,12,22,2,1267,1075,192,4628.17273261861,1040411.8659233
436,010600,3,110010106003,707,687,218,457,0,5,0,7,12,6,6,0,25,208,452,0,4,0,2,9,6,5,0,614,195,392,0,5,0,7,9,6,5,0,20,187,388,0,4,0,2,7,6,4,0,272,254,18,1386.21604710641,118190.932589636
437,010700,1,110010107001,795,763,614,54,5,79,0,11,6,3,19,5,59,571,51,5,79,0,1,5,3,18,5,785,610,51,5,79,0,10,4,3,19,5,57,567,49,5,79,0,1,3,3,18,5,513,418,95,3367.04376830364,638211.195605018
438,010700,2,110010107002,1043,1012,828,35,1,130,0,18,6,4,21,2,78,773,34,0,128,0,3,5,3,20,2,1036,823,35,1,128,0,18,6,5,21,2,77,769,34,0,126,0,3,5,3,21,2,900,826,74,2374.33391723432,253286.945237381
439,010800,1,110010108001,1407,1361,1184,52,0,122,0,3,38,0,26,0,6,1183,52,0,122,0,0,38,0,26,0,1405,1182,52,0,122,0,3,38,0,26,0,6,1181,52,0,122,0,0,38,0,26,0,132,118,14,1552.98616059222,112800.223752538
440,010800,2,110010108002,2649,2542,2084,134,0,295,0,29,52,31,80,27,203,1918,132,0,295,0,3,49,28,79,27,2629,2076,125,0,294,0,29,50,31,78,27,200,1911,124,0,294,0,3,48,28,78,27,672,625,47,2680.91009267615,425257.26812513
441,010800,3,110010108003,2352,2291,1878,93,2,291,3,24,43,1,44,0,59,1845,93,2,289,2,3,42,1,44,0,2347,1874,93,2,290,3,24,43,1,44,0,59,1841,93,2,288,2,3,42,1,44,0,311,291,20,1490.55616519866,123460.432668748
442,010900,1,110010109001,1305,1281,6,1265,3,2,0,5,23,6,4,0,15,6,1254,3,2,0,1,23,6,4,0,788,6,758,2,2,0,2,17,6,3,0,9,6,751,2,2,0,0,17,6,3,0,519,422,97,1398.8953637283,110538.185636027
443,010900,2,110010109002,1906,1865,52,1790,3,13,0,7,38,16,5,0,32,43,1781,3,13,0,1,33,15,2,0,1568,50,1468,3,13,0,6,26,16,2,0,26,41,1460,3,13,0,1,24,15,1,0,847,739,108,12375.67644274,5203319.66546598
444,011000,1,110010110001,608,582,32,503,7,8,1,31,20,9,12,1,46,28,490,7,8,1,4,19,8,11,1,436,32,356,4,7,1,18,12,6,9,0,33,28,345,4,7,1,2,11,5,8,0,255,227,28,914.387733115109,35698.5416038927
445,011000,2,110010110002,916,898,622,227,2,37,2,8,7,5,8,0,32,601,226,2,37,2,2,6,3,7,0,899,615,223,2,34,2,8,6,5,6,0,32,594,222,2,34,2,2,5,3,5,0,762,638,124,5440.2543428939,805164.592392213
446,011000,3,110010110003,567,551,346,172,5,24,0,4,13,3,4,1,27,331,168,5,23,0,1,11,3,3,1,540,337,162,5,22,0,3,8,3,1,1,23,323,158,5,22,0,1,7,3,1,1,452,403,49,1158.20182374597,70792.3770844914
447,011000,4,110010110004,1624,1553,632,810,15,71,0,25,50,32,16,1,78,600,799,10,71,0,6,41,26,15,1,1479,609,714,12,67,0,25,32,26,12,1,70,579,704,9,67,0,6,25,21,11,1,1204,1077,127,1541.95676885316,116741.31267094
448,011100,1,110010111001,1416,1376,109,1210,8,6,0,43,27,23,4,0,112,68,1196,8,6,0,0,23,19,4,0,1116,82,965,7,4,0,30,20,19,2,0,74,58,954,7,4,0,0,18,17,2,0,573,535,38,6780.42676587668,1461835.8191046
449,011100,2,110010111002,1710,1676,132,1437,5,5,1,96,32,10,7,1,136,116,1421,5,5,1,2,24,10,7,1,1355,121,1133,3,5,1,66,24,9,5,1,92,111,1123,3,5,1,0,20,9,5,1,715,660,55,4689.32920529042,696922.658391614
450,011100,3,110010111003,1733,1675,81,1545,11,4,0,34,51,25,8,2,89,57,1530,5,4,0,6,41,17,8,2,1474,76,1312,11,4,0,27,41,15,5,2,71,54,1302,5,4,0,5,32,11,5,2,580,532,48,12947.7906249215,3902021.22139811
